timer,temp,vibX,vibY,vibZ,magnitude,rms,,,,,,,,,,,,,,,,,,,,,
16:06:05,31.83,-9.65,-3.57,-1.69,10.43,6.02,,,,,,,,,,,,,,,,,,,,,
16:06:10,31.83,-9.73,-3.69,-1.61,10.53,6.08,,,,,,,,,,,,,,,,,,,,,
16:06:13,31.89,-9.69,-3.61,-1.69,10.48,6.05,,,,,,,,,,,,,,,,,,,,,
16:06:19,31.89,-9.73,-3.61,-1.65,10.51,6.07,,,,,,,,,,,,,,,,,,,,,
16:06:25,31.81,-9.65,-3.69,-1.65,10.46,6.04,,,,,,,,,,,,,,,,,,,,,
16:06:30,31.89,-9.69,-3.65,-1.65,10.48,6.05,,,,,,,,,,,,,,,,,,,,,
16:06:36,31.83,-9.69,-3.65,-1.57,10.47,6.05,,,,,,,,,,,,,,,,,,,,,
16:06:42,31.89,-9.61,-3.65,-1.69,10.42,6.01,,,,,,,,,,,,,,,,,,,,,
16:06:47,31.83,-9.61,-3.65,-1.65,10.41,6.01,,,,,,,,,,,,,,,,,,,,,
16:06:52,31.77,-9.65,-3.65,-1.61,10.44,6.03,,,,,,,,,,,,,,,,,,,,,
16:06:58,31.81,-9.96,-3.69,-1.65,10.75,6.21,,,,,,,,,,,,,,,,,,,,,
16:07:04,31.81,-9.61,-3.33,-1.69,10.31,5.95,,,,,,,,,,,,,,,,,,,,,
16:07:10,31.81,-9.85,-3.45,-1.73,10.58,6.11,,,,,,,,,,,,,,,,,,,,,
16:07:14,31.85,-9.73,-3.77,-1.49,10.54,6.08,,,,,,,,,,,,,,,,,,,,,
16:07:20,31.91,-9.89,-3.57,-1.49,10.62,6.13,,,,,,,,,,,,,,,,,,,,,
16:07:26,31.85,-9.65,-3.49,-1.92,10.44,6.03,,,,,,,,,,,,,,,,,,,,,
16:07:31,31.91,-9.10,-3.57,-1.57,9.90,5.72,,,,,,,,,,,,,,,,,,,,,
16:07:36,31.91,-8.98,-3.65,-1.61,9.83,5.67,,,,,,,,,,,,,,,,,,,,,
16:07:42,31.95,-9.73,-3.41,-1.69,10.45,6.03,,,,,,,,,,,,,,,,,,,,,
16:07:53,32.31,-9.77,-3.69,-1.49,10.55,6.09,,,,,,,,,,,,,,,,,,,,,
16:17:31,31.91,-9.65,-3.65,-1.65,10.45,6.03,,,,,,,,,,,,,,,,,,,,,
16:17:37,31.91,-9.69,-3.65,-1.65,10.48,6.05,,,,,,,,,,,,,,,,,,,,,
16:17:43,31.97,-9.69,-3.65,-1.61,10.48,6.05,,,,,,,,,,,,,,,,,,,,,
16:17:48,31.91,-9.69,-3.61,-1.69,10.48,6.05,,,,,,,,,,,,,,,,,,,,,
16:17:54,31.81,-9.69,-3.65,-1.69,10.49,6.06,,,,,,,,,,,,,,,,,,,,,
16:18:00,31.85,-9.61,-3.69,-1.61,10.42,6.02,,,,,,,,,,,,,,,,,,,,,
16:18:05,31.91,-9.65,-3.65,-1.61,10.44,6.03,,,,,,,,,,,,,,,,,,,,,
16:18:11,31.89,-9.73,-3.53,-1.80,10.51,6.07,,,,,,,,,,,,,,,,,,,,,
16:18:18,31.91,-9.65,-3.65,-1.57,10.44,6.03,,,,,,,,,,,,,,,,,,,,,
16:18:24,31.89,-9.69,-3.65,-1.73,10.50,6.06,,,,,,,,,,,,,,,,,,,,,
16:18:29,31.85,-9.85,-3.65,-1.69,10.64,6.14,,,,,,,,,,,,,,,,,,,,,
16:18:35,31.91,-9.77,-3.65,-1.65,10.56,6.09,,,,,,,,,,,,,,,,,,,,,
16:18:40,31.91,-9.77,-3.65,-1.61,10.55,6.09,,,,,,,,,,,,,,,,,,,,,
16:18:44,31.89,-9.26,-3.57,-1.69,10.06,5.81,,,,,,,,,,,,,,,,,,,,,
16:18:50,31.85,-10.36,-3.69,-1.65,11.12,6.42,,,,,,,,,,,,,,,,,,,,,
16:18:55,31.85,-9.73,-3.73,-1.49,10.52,6.08,,,,,,,,,,,,,,,,,,,,,
16:19:00,31.91,-9.53,-3.73,-1.73,10.38,5.99,,,,,,,,,,,,,,,,,,,,,
16:19:07,31.89,-9.61,-3.73,-1.69,10.45,6.03,,,,,,,,,,,,,,,,,,,,,
16:19:12,31.81,-9.30,-3.49,-1.61,10.06,5.81,,,,,,,,,,,,,,,,,,,,,
16:19:17,31.91,-9.69,-3.73,-1.73,10.52,6.08,,,,,,,,,,,,,,,,,,,,,
16:19:22,31.89,-9.92,-3.73,-1.61,10.72,6.19,,,,,,,,,,,,,,,,,,,,,
16:19:27,31.95,-9.81,-3.57,-1.57,10.55,6.09,,,,,,,,,,,,,,,,,,,,,
16:19:33,31.97,-9.85,-3.61,-1.69,10.62,6.13,,,,,,,,,,,,,,,,,,,,,
16:19:38,31.83,-9.57,-3.37,-1.80,10.31,5.95,,,,,,,,,,,,,,,,,,,,,
16:19:44,31.91,-9.61,-3.73,-1.61,10.43,6.02,,,,,,,,,,,,,,,,,,,,,
16:19:57,33.57,-9.85,-3.92,-1.53,10.71,6.18,,,,,,,,,,,,,,,,,,,,,
16:20:03,33.99,-9.65,-3.69,-1.73,10.47,6.05,,,,,,,,,,,,,,,,,,,,,
16:20:08,33.43,-9.92,-3.73,-1.61,10.72,6.19,,,,,,,,,,,,,,,,,,,,,
16:20:13,34.61,-9.89,-3.45,-1.73,10.61,6.13,,,,,,,,,,,,,,,,,,,,,
16:20:20,39.19,-9.45,-3.26,-1.80,10.16,5.87,,,,,,,,,,,,,,,,,,,,,
16:20:27,39.71,-9.22,-4.71,-1.18,10.42,6.01,,,,,,,,,,,,,,,,,,,,,
16:20:32,40.57,-10.24,-3.02,-1.57,10.79,6.23,,,,,,,,,,,,,,,,,,,,,
16:20:52,31.89,-9.65,-3.88,-1.65,10.53,6.08,,,,,,,,,,,,,,,,,,,,,
16:20:55,32.03,-9.61,-3.77,-1.57,10.44,6.03,,,,,,,,,,,,,,,,,,,,,
16:21:00,31.95,-8.90,-3.65,-1.61,9.76,5.63,,,,,,,,,,,,,,,,,,,,,
16:21:06,31.91,-9.30,-4.04,-1.41,10.24,5.91,,,,,,,,,,,,,,,,,,,,,
16:21:12,31.91,-9.45,-3.30,-1.57,10.13,5.85,,,,,,,,,,,,,,,,,,,,,
16:21:18,31.95,-9.69,-3.33,-1.77,10.40,6.00,,,,,,,,,,,,,,,,,,,,,
16:21:23,31.91,-9.92,-3.61,-1.61,10.68,6.17,,,,,,,,,,,,,,,,,,,,,
16:21:29,31.97,-9.06,-3.10,-1.53,9.70,5.60,,,,,,,,,,,,,,,,,,,,,
16:21:36,31.95,-9.73,-4.04,-1.49,10.64,6.14,,,,,,,,,,,,,,,,,,,,,
16:21:41,31.91,-9.69,-4.43,-1.29,10.73,6.20,,,,,,,,,,,,,,,,,,,,,
16:21:48,31.91,-9.57,-3.69,-1.69,10.40,6.00,,,,,,,,,,,,,,,,,,,,,
16:21:53,31.85,-9.69,-3.69,-1.69,10.50,6.06,,,,,,,,,,,,,,,,,,,,,
16:21:59,31.85,-9.69,-3.61,-1.65,10.47,6.05,,,,,,,,,,,,,,,,,,,,,
16:22:04,31.71,-9.69,-3.65,-1.57,10.47,6.05,,,,,,,,,,,,,,,,,,,,,
16:22:10,31.75,-9.69,-3.65,-1.65,10.48,6.05,,,,,,,,,,,,,,,,,,,,,
16:22:17,31.69,-9.69,-3.61,-1.77,10.49,6.06,,,,,,,,,,,,,,,,,,,,,
16:22:22,31.67,-9.73,-3.69,-1.69,10.54,6.09,,,,,,,,,,,,,,,,,,,,,
16:22:28,31.69,-9.65,-3.73,-1.69,10.48,6.05,,,,,,,,,,,,,,,,,,,,,
16:22:33,31.71,-9.65,-3.69,-1.65,10.46,6.04,,,,,,,,,,,,,,,,,,,,,
16:22:39,31.63,-9.77,-3.65,-1.57,10.54,6.09,,,,,,,,,,,,,,,,,,,,,
16:22:44,31.67,-9.65,-3.65,-1.61,10.44,6.03,,,,,,,,,,,,,,,,,,,,,
16:22:49,31.81,-9.73,-3.69,-1.57,10.52,6.07,,,,,,,,,,,,,,,,,,,,,
16:22:54,31.71,-9.69,-3.69,-1.69,10.50,6.06,,,,,,,,,,,,,,,,,,,,,
16:22:59,31.77,-9.69,-3.65,-1.69,10.49,6.06,,,,,,,,,,,,,,,,,,,,,
16:23:05,31.71,-9.73,-3.69,-1.69,10.54,6.09,,,,,,,,,,,,,,,,,,,,,
16:23:10,31.71,-9.73,-3.65,-1.77,10.54,6.08,,,,,,,,,,,,,,,,,,,,,
16:23:16,31.77,-9.77,-3.65,-1.69,10.56,6.10,,,,,,,,,,,,,,,,,,,,,
16:23:22,31.77,-9.73,-3.65,-1.65,10.52,6.07,,,,,,,,,,,,,,,,,,,,,
16:23:26,31.89,-9.69,-3.69,-1.69,10.50,6.06,,,,,,,,,,,,,,,,,,,,,
16:23:29,31.83,-9.73,-3.65,-1.69,10.53,6.08,,,,,,,,,,,,,,,,,,,,,
16:23:35,31.89,-9.73,-3.65,-1.57,10.51,6.07,,,,,,,,,,,,,,,,,,,,,
16:23:41,31.91,-9.73,-3.61,-1.73,10.52,6.07,,,,,,,,,,,,,,,,,,,,,
16:23:46,31.89,-9.73,-3.61,-1.69,10.51,6.07,,,,,,,,,,,,,,,,,,,,,
16:23:52,31.85,-9.69,-3.65,-1.69,10.49,6.06,,,,,,,,,,,,,,,,,,,,,
16:24:00,31.89,-9.73,-3.65,-1.69,10.53,6.08,,,,,,,,,,,,,,,,,,,,,
16:24:04,31.77,-9.69,-3.69,-1.69,10.50,6.06,,,,,,,,,,,,,,,,,,,,,
16:24:10,31.81,-9.65,-3.65,-1.69,10.45,6.04,,,,,,,,,,,,,,,,,,,,,
16:24:16,31.83,-9.85,-3.61,-1.69,10.62,6.13,,,,,,,,,,,,,,,,,,,,,
16:24:21,31.83,-9.61,-3.61,-1.65,10.40,6.00,,,,,,,,,,,,,,,,,,,,,
16:24:27,31.83,-9.30,-3.69,-1.57,10.12,5.85,,,,,,,,,,,,,,,,,,,,,
16:24:32,31.89,-9.45,-3.69,-1.57,10.27,5.93,,,,,,,,,,,,,,,,,,,,,
16:24:38,31.89,-9.45,-3.41,-1.65,10.19,5.88,,,,,,,,,,,,,,,,,,,,,
16:24:44,31.85,-9.53,-4.08,-1.37,10.46,6.04,,,,,,,,,,,,,,,,,,,,,
16:24:50,31.89,-9.69,-3.45,-1.65,10.42,6.01,,,,,,,,,,,,,,,,,,,,,
16:24:55,31.89,-9.92,-4.55,-1.37,11.00,6.35,,,,,,,,,,,,,,,,,,,,,
16:24:58,31.91,-10.00,-3.18,-2.16,10.72,6.19,,,,,,,,,,,,,,,,,,,,,
16:25:04,31.91,-9.18,-3.88,-1.49,10.08,5.82,,,,,,,,,,,,,,,,,,,,,
16:25:10,31.91,-9.81,-3.77,-1.65,10.63,6.14,,,,,,,,,,,,,,,,,,,,,
16:25:16,32.35,-9.41,-3.92,-1.57,10.32,5.96,,,,,,,,,,,,,,,,,,,,,
16:25:22,36.39,-9.14,-3.49,-1.61,9.92,5.73,,,,,,,,,,,,,,,,,,,,,
16:25:25,37.53,-9.69,-3.96,-1.53,10.58,6.11,,,,,,,,,,,,,,,,,,,,,
16:25:29,35.83,-9.45,-3.96,-1.45,10.35,5.98,,,,,,,,,,,,,,,,,,,,,
16:25:34,36.85,-9.73,-3.26,-1.80,10.42,6.01,,,,,,,,,,,,,,,,,,,,,
16:26:12,63.69,-11.22,-3.02,-2.04,11.80,6.81,,,,,,,,,,,,,,,,,,,,,
16:26:17,57.33,-9.89,-3.92,-1.49,10.74,6.20,,,,,,,,,,,,,,,,,,,,,
16:26:23,59.97,-9.85,-3.81,-1.53,10.67,6.16,,,,,,,,,,,,,,,,,,,,,
16:26:29,46.49,-9.41,-3.41,-1.77,10.17,5.87,,,,,,,,,,,,,,,,,,,,,
16:26:34,54.75,-9.77,-4.71,-1.53,10.95,6.32,,,,,,,,,,,,,,,,,,,,,
16:26:40,34.85,-9.65,-3.45,-1.61,10.37,5.99,,,,,,,,,,,,,,,,,,,,,
16:26:46,33.13,-9.96,-3.41,-1.73,10.67,6.16,,,,,,,,,,,,,,,,,,,,,
16:26:52,33.03,-10.75,-2.82,-1.96,11.29,6.52,,,,,,,,,,,,,,,,,,,,,
16:26:58,32.83,-9.22,-3.18,-1.96,9.95,5.74,,,,,,,,,,,,,,,,,,,,,
16:27:03,32.81,-9.85,-3.84,-1.49,10.67,6.16,,,,,,,,,,,,,,,,,,,,,
16:27:08,32.83,-9.49,-3.92,-1.45,10.37,5.99,,,,,,,,,,,,,,,,,,,,,
16:27:12,32.81,-10.12,-3.61,-1.84,10.90,6.29,,,,,,,,,,,,,,,,,,,,,
16:27:17,32.77,-9.77,-3.69,-1.61,10.56,6.10,,,,,,,,,,,,,,,,,,,,,
16:27:22,32.83,-9.53,-3.61,-1.80,10.35,5.98,,,,,,,,,,,,,,,,,,,,,
16:27:27,32.75,-9.65,-3.65,-1.73,10.46,6.04,,,,,,,,,,,,,,,,,,,,,
16:27:33,32.67,-9.69,-3.61,-1.73,10.48,6.05,,,,,,,,,,,,,,,,,,,,,
16:27:38,32.75,-9.65,-3.65,-1.65,10.45,6.03,,,,,,,,,,,,,,,,,,,,,
16:27:44,32.75,-9.69,-3.65,-1.65,10.48,6.05,,,,,,,,,,,,,,,,,,,,,
16:27:50,32.39,-9.69,-3.65,-1.69,10.49,6.06,,,,,,,,,,,,,,,,,,,,,
16:27:55,32.69,-9.69,-3.65,-1.69,10.49,6.06,,,,,,,,,,,,,,,,,,,,,
16:27:59,32.63,-9.73,-3.65,-1.73,10.53,6.08,,,,,,,,,,,,,,,,,,,,,
16:28:05,32.61,-9.65,-3.65,-1.65,10.45,6.03,,,,,,,,,,,,,,,,,,,,,
16:28:09,32.59,-9.69,-3.69,-1.61,10.49,6.06,,,,,,,,,,,,,,,,,,,,,
16:28:15,32.49,-9.69,-3.69,-1.69,10.50,6.06,,,,,,,,,,,,,,,,,,,,,
16:28:20,32.35,-9.69,-3.65,-1.77,10.50,6.06,,,,,,,,,,,,,,,,,,,,,
16:28:26,32.41,-9.69,-3.65,-1.77,10.50,6.06,,,,,,,,,,,,,,,,,,,,,
16:28:31,32.45,-9.65,-3.65,-1.69,10.45,6.04,,,,,,,,,,,,,,,,,,,,,
16:28:37,32.45,-9.69,-3.61,-1.69,10.48,6.05,,,,,,,,,,,,,,,,,,,,,
16:28:43,32.41,-9.77,-3.65,-1.73,10.57,6.10,,,,,,,,,,,,,,,,,,,,,
16:28:48,32.47,-9.73,-3.65,-1.77,10.54,6.08,,,,,,,,,,,,,,,,,,,,,
16:28:51,32.17,-9.69,-3.69,-1.65,10.50,6.06,,,,,,,,,,,,,,,,,,,,,
16:28:57,32.31,-9.65,-3.65,-1.65,10.45,6.03,,,,,,,,,,,,,,,,,,,,,
16:29:02,32.67,-9.69,-3.69,-1.61,10.49,6.06,,,,,,,,,,,,,,,,,,,,,
16:29:06,32.59,-9.77,-3.65,-1.69,10.56,6.10,,,,,,,,,,,,,,,,,,,,,
16:29:14,32.71,-9.65,-3.65,-1.65,10.45,6.03,,,,,,,,,,,,,,,,,,,,,
16:29:18,32.59,-9.65,-3.69,-1.69,10.47,6.04,,,,,,,,,,,,,,,,,,,,,
16:29:22,32.45,-9.65,-3.65,-1.77,10.47,6.04,,,,,,,,,,,,,,,,,,,,,
16:29:28,32.35,-9.73,-3.65,-1.69,10.53,6.08,,,,,,,,,,,,,,,,,,,,,
16:29:34,32.41,-9.65,-3.65,-1.61,10.44,6.03,,,,,,,,,,,,,,,,,,,,,
16:29:39,32.49,-9.69,-3.65,-1.65,10.48,6.05,,,,,,,,,,,,,,,,,,,,,
16:29:45,32.53,-10.08,-3.96,-1.53,10.94,6.32,,,,,,,,,,,,,,,,,,,,,
16:29:53,32.61,-9.65,-3.49,-1.77,10.41,6.01,,,,,,,,,,,,,,,,,,,,,
16:29:59,32.69,-9.96,-4.16,-1.49,10.90,6.29,,,,,,,,,,,,,,,,,,,,,
16:30:04,32.67,-9.34,-3.02,-1.41,9.91,5.72,,,,,,,,,,,,,,,,,,,,,
16:30:09,32.59,-9.49,-3.88,-1.45,10.36,5.98,,,,,,,,,,,,,,,,,,,,,
16:30:13,32.61,-10.20,-3.81,-1.53,10.99,6.35,,,,,,,,,,,,,,,,,,,,,
16:30:19,32.55,-9.53,-4.08,-1.22,10.44,6.03,,,,,,,,,,,,,,,,,,,,,
16:30:24,32.63,-10.00,-4.24,-1.57,10.98,6.34,,,,,,,,,,,,,,,,,,,,,
16:30:30,32.67,-10.04,-3.81,-1.57,10.85,6.27,,,,,,,,,,,,,,,,,,,,,
16:30:37,32.59,-9.81,-3.41,-1.73,10.53,6.08,,,,,,,,,,,,,,,,,,,,,
16:30:54,37.85,-9.61,-3.73,-1.49,10.42,6.01,,,,,,,,,,,,,,,,,,,,,
16:31:02,38.61,-9.81,-4.20,-1.49,10.77,6.22,,,,,,,,,,,,,,,,,,,,,
16:31:08,41.71,-9.22,-2.75,-1.92,9.81,5.66,,,,,,,,,,,,,,,,,,,,,
16:31:14,38.85,-9.49,-3.45,-1.84,10.27,5.93,,,,,,,,,,,,,,,,,,,,,
16:31:20,46.73,-9.02,-3.14,-1.73,9.71,5.60,,,,,,,,,,,,,,,,,,,,,
16:31:25,52.77,-9.53,-3.30,-1.69,10.23,5.90,,,,,,,,,,,,,,,,,,,,,
16:31:31,56.65,-9.61,-3.57,-1.61,10.38,5.99,,,,,,,,,,,,,,,,,,,,,
16:31:37,58.61,-9.65,-3.92,-1.45,10.52,6.07,,,,,,,,,,,,,,,,,,,,,
16:31:40,51.47,-9.96,-4.32,-1.49,10.96,6.33,,,,,,,,,,,,,,,,,,,,,
16:31:51,33.07,-9.49,-3.92,-1.45,10.37,5.99,,,,,,,,,,,,,,,,,,,,,
16:31:57,32.99,-9.89,-2.94,-1.92,10.49,6.06,,,,,,,,,,,,,,,,,,,,,
16:36:31,33.05,-9.77,-3.69,-1.69,10.58,6.11,,,,,,,,,,,,,,,,,,,,,
16:36:36,33.05,-9.77,-3.69,-1.73,10.58,6.11,,,,,,,,,,,,,,,,,,,,,
16:36:43,33.11,-9.73,-3.69,-1.61,10.53,6.08,,,,,,,,,,,,,,,,,,,,,
16:36:48,33.05,-9.69,-3.69,-1.73,10.51,6.07,,,,,,,,,,,,,,,,,,,,,
16:36:54,33.11,-9.73,-3.61,-1.73,10.52,6.07,,,,,,,,,,,,,,,,,,,,,
16:36:59,33.07,-9.73,-3.73,-1.84,10.58,6.11,,,,,,,,,,,,,,,,,,,,,
16:37:04,33.13,-9.69,-3.69,-1.61,10.49,6.06,,,,,,,,,,,,,,,,,,,,,
16:37:10,33.13,-9.73,-3.73,-1.69,10.55,6.09,,,,,,,,,,,,,,,,,,,,,
16:37:15,33.07,-9.77,-3.65,-1.57,10.54,6.09,,,,,,,,,,,,,,,,,,,,,
16:37:21,33.03,-9.77,-3.69,-1.73,10.58,6.11,,,,,,,,,,,,,,,,,,,,,
16:37:27,32.99,-9.81,-3.65,-1.65,10.59,6.12,,,,,,,,,,,,,,,,,,,,,
16:37:32,33.05,-9.69,-3.69,-1.73,10.51,6.07,,,,,,,,,,,,,,,,,,,,,
16:37:37,33.11,-9.65,-3.77,-1.57,10.48,6.05,,,,,,,,,,,,,,,,,,,,,
16:37:41,33.03,-9.61,-3.37,-1.88,10.36,5.98,,,,,,,,,,,,,,,,,,,,,
16:37:47,33.07,-9.96,-3.41,-1.84,10.69,6.17,,,,,,,,,,,,,,,,,,,,,
16:37:52,33.13,-9.85,-3.65,-1.73,10.64,6.14,,,,,,,,,,,,,,,,,,,,,
16:37:58,33.13,-9.73,-3.65,-1.73,10.53,6.08,,,,,,,,,,,,,,,,,,,,,
16:38:02,33.13,-9.57,-3.92,-1.61,10.47,6.04,,,,,,,,,,,,,,,,,,,,,
16:38:07,33.11,-9.69,-3.65,-1.69,10.49,6.06,,,,,,,,,,,,,,,,,,,,,
16:38:14,33.05,-10.04,-3.41,-1.88,10.77,6.22,,,,,,,,,,,,,,,,,,,,,
16:38:20,33.07,-9.57,-3.73,-1.73,10.42,6.01,,,,,,,,,,,,,,,,,,,,,
16:38:23,33.11,-9.49,-3.49,-1.53,10.23,5.91,,,,,,,,,,,,,,,,,,,,,
16:38:29,33.11,-9.85,-3.92,-1.65,10.73,6.19,,,,,,,,,,,,,,,,,,,,,
16:38:34,33.29,-9.57,-3.73,-1.73,10.42,6.01,,,,,,,,,,,,,,,,,,,,,
16:38:46,34.93,-9.92,-3.57,-1.77,10.69,6.17,,,,,,,,,,,,,,,,,,,,,
16:38:52,34.85,-10.00,-4.12,-1.45,10.92,6.30,,,,,,,,,,,,,,,,,,,,,
16:38:58,34.51,-9.61,-3.37,-1.69,10.32,5.96,,,,,,,,,,,,,,,,,,,,,
16:39:03,36.49,-9.49,-4.08,-1.57,10.45,6.03,,,,,,,,,,,,,,,,,,,,,
16:39:09,35.47,-9.73,-3.49,-1.80,10.49,6.06,,,,,,,,,,,,,,,,,,,,,
16:39:13,39.21,-9.69,-3.30,-1.80,10.39,6.00,,,,,,,,,,,,,,,,,,,,,
16:39:19,41.53,-9.85,-4.35,-1.53,10.87,6.28,,,,,,,,,,,,,,,,,,,,,
16:39:22,43.33,-9.65,-3.77,-1.65,10.49,6.06,,,,,,,,,,,,,,,,,,,,,
16:39:28,45.07,-10.08,-3.33,-1.92,10.79,6.23,,,,,,,,,,,,,,,,,,,,,
16:39:32,41.83,-9.73,-3.77,-1.80,10.59,6.11,,,,,,,,,,,,,,,,,,,,,
16:39:37,43.47,-9.92,-3.84,-1.61,10.76,6.21,,,,,,,,,,,,,,,,,,,,,
16:39:42,43.31,-9.89,-3.22,-1.80,10.55,6.09,,,,,,,,,,,,,,,,,,,,,
16:39:47,32.89,-9.38,-3.37,-1.73,10.11,5.84,,,,,,,,,,,,,,,,,,,,,
16:39:52,33.25,-9.61,-3.45,-1.65,10.34,5.97,,,,,,,,,,,,,,,,,,,,,
16:39:58,33.19,-10.00,-4.00,-1.57,10.89,6.29,,,,,,,,,,,,,,,,,,,,,
16:40:04,33.05,-9.65,-3.77,-1.73,10.50,6.06,,,,,,,,,,,,,,,,,,,,,
16:40:07,33.13,-9.53,-3.69,-1.57,10.34,5.97,,,,,,,,,,,,,,,,,,,,,
16:40:13,33.05,-9.92,-3.37,-1.80,10.64,6.14,,,,,,,,,,,,,,,,,,,,,
16:40:19,33.05,-9.49,-3.81,-1.77,10.38,5.99,,,,,,,,,,,,,,,,,,,,,
16:40:25,33.11,-9.81,-4.04,-1.61,10.73,6.19,,,,,,,,,,,,,,,,,,,,,
16:40:30,32.99,-9.45,-3.73,-1.65,10.29,5.94,,,,,,,,,,,,,,,,,,,,,
16:40:35,33.05,-9.69,-3.69,-1.69,10.50,6.06,,,,,,,,,,,,,,,,,,,,,
16:40:41,33.13,-9.89,-3.45,-1.77,10.62,6.13,,,,,,,,,,,,,,,,,,,,,
16:40:46,33.17,-9.73,-3.61,-1.69,10.51,6.07,,,,,,,,,,,,,,,,,,,,,
16:40:50,33.05,-9.73,-3.73,-1.73,10.56,6.10,,,,,,,,,,,,,,,,,,,,,
16:40:55,33.13,-9.81,-3.65,-1.69,10.60,6.12,,,,,,,,,,,,,,,,,,,,,
16:40:59,33.07,-9.73,-3.65,-1.77,10.54,6.08,,,,,,,,,,,,,,,,,,,,,
16:41:05,33.05,-9.73,-3.69,-1.65,10.53,6.08,,,,,,,,,,,,,,,,,,,,,
16:41:10,32.99,-9.77,-3.69,-1.69,10.58,6.11,,,,,,,,,,,,,,,,,,,,,
16:41:15,33.05,-9.73,-3.73,-1.69,10.55,6.09,,,,,,,,,,,,,,,,,,,,,
16:41:21,32.97,-9.77,-3.69,-1.69,10.58,6.11,,,,,,,,,,,,,,,,,,,,,
16:41:26,33.11,-9.73,-3.69,-1.73,10.55,6.09,,,,,,,,,,,,,,,,,,,,,
16:41:32,33.05,-9.77,-3.61,-1.73,10.56,6.09,,,,,,,,,,,,,,,,,,,,,
16:41:36,33.07,-9.73,-3.69,-1.73,10.55,6.09,,,,,,,,,,,,,,,,,,,,,
16:41:42,33.07,-9.73,-3.65,-1.73,10.53,6.08,,,,,,,,,,,,,,,,,,,,,
16:41:47,33.07,-9.77,-3.69,-1.61,10.56,6.10,,,,,,,,,,,,,,,,,,,,,
16:41:53,33.05,-9.73,-3.69,-1.69,10.54,6.09,,,,,,,,,,,,,,,,,,,,,
16:41:58,33.13,-9.65,-3.69,-1.80,10.49,6.05,,,,,,,,,,,,,,,,,,,,,
16:42:04,33.07,-9.77,-3.65,-1.65,10.56,6.09,,,,,,,,,,,,,,,,,,,,,
16:42:09,33.05,-9.73,-3.69,-1.69,10.54,6.09,,,,,,,,,,,,,,,,,,,,,
16:42:16,33.07,-9.73,-3.69,-1.73,10.55,6.09,,,,,,,,,,,,,,,,,,,,,
16:42:22,33.03,-9.69,-3.69,-1.69,10.50,6.06,,,,,,,,,,,,,,,,,,,,,
16:42:27,33.03,-9.77,-3.69,-1.73,10.58,6.11,,,,,,,,,,,,,,,,,,,,,
16:42:33,32.99,-9.69,-3.69,-1.69,10.50,6.06,,,,,,,,,,,,,,,,,,,,,
16:42:37,33.03,-9.77,-3.65,-1.73,10.57,6.10,,,,,,,,,,,,,,,,,,,,,
16:42:43,32.99,-9.73,-3.69,-1.69,10.54,6.09,,,,,,,,,,,,,,,,,,,,,
16:42:48,33.03,-9.73,-3.69,-1.73,10.55,6.09,,,,,,,,,,,,,,,,,,,,,
16:42:54,33.07,-9.81,-3.69,-1.77,10.63,6.13,,,,,,,,,,,,,,,,,,,,,
16:42:59,32.99,-9.85,-3.69,-1.77,10.66,6.16,,,,,,,,,,,,,,,,,,,,,
16:43:05,32.99,-10.12,-3.81,-1.65,10.94,6.31,,,,,,,,,,,,,,,,,,,,,
16:43:11,33.03,-9.34,-3.41,-1.65,10.08,5.82,,,,,,,,,,,,,,,,,,,,,
16:43:14,32.91,-9.89,-3.96,-1.73,10.79,6.23,,,,,,,,,,,,,,,,,,,,,
16:43:20,33.07,-9.81,-3.84,-1.53,10.64,6.15,,,,,,,,,,,,,,,,,,,,,
16:43:26,32.97,-9.69,-3.30,-1.77,10.39,6.00,,,,,,,,,,,,,,,,,,,,,
16:43:32,32.95,-9.57,-3.22,-1.73,10.24,5.91,,,,,,,,,,,,,,,,,,,,,
16:43:37,32.83,-9.85,-3.69,-1.65,10.64,6.14,,,,,,,,,,,,,,,,,,,,,
16:43:41,33.05,-10.04,-3.45,-1.73,10.76,6.21,,,,,,,,,,,,,,,,,,,,,
16:43:46,32.99,-9.18,-4.32,-1.26,10.22,5.90,,,,,,,,,,,,,,,,,,,,,
16:43:50,33.03,-9.73,-3.77,-1.61,10.56,6.09,,,,,,,,,,,,,,,,,,,,,
16:43:55,33.03,-9.81,-3.69,-1.77,10.63,6.13,,,,,,,,,,,,,,,,,,,,,
16:44:01,32.95,-10.12,-3.26,-1.73,10.77,6.22,,,,,,,,,,,,,,,,,,,,,
16:44:07,32.89,-9.38,-3.37,-1.69,10.11,5.83,,,,,,,,,,,,,,,,,,,,,
16:44:17,32.89,-9.53,-3.37,-1.80,10.27,5.93,,,,,,,,,,,,,,,,,,,,,
16:44:23,32.97,-9.77,-3.61,-1.80,10.57,6.10,,,,,,,,,,,,,,,,,,,,,
16:44:27,32.99,-9.77,-3.41,-1.80,10.50,6.06,,,,,,,,,,,,,,,,,,,,,
16:44:30,32.99,-9.22,-4.04,-1.65,10.20,5.89,,,,,,,,,,,,,,,,,,,,,
16:49:24,33.29,-9.77,-3.88,-1.53,10.62,6.13,,,,,,,,,,,,,,,,,,,,,
16:49:29,33.19,-9.96,-3.49,-1.80,10.71,6.18,,,,,,,,,,,,,,,,,,,,,
16:49:41,33.41,-9.61,-3.61,-1.69,10.40,6.01,,,,,,,,,,,,,,,,,,,,,
16:49:46,33.33,-9.61,-4.12,-1.53,10.57,6.10,,,,,,,,,,,,,,,,,,,,,
16:49:52,33.35,-9.81,-3.53,-1.77,10.57,6.10,,,,,,,,,,,,,,,,,,,,,
16:49:58,33.27,-9.77,-3.61,-1.73,10.56,6.09,,,,,,,,,,,,,,,,,,,,,
16:50:01,33.27,-9.81,-3.65,-1.73,10.61,6.12,,,,,,,,,,,,,,,,,,,,,
16:50:07,33.21,-9.69,-3.69,-1.65,10.50,6.06,,,,,,,,,,,,,,,,,,,,,
16:50:13,33.17,-9.73,-3.73,-1.77,10.57,6.10,,,,,,,,,,,,,,,,,,,,,
16:50:18,33.25,-9.73,-3.73,-1.65,10.55,6.09,,,,,,,,,,,,,,,,,,,,,
16:50:24,33.29,-9.73,-3.69,-1.65,10.53,6.08,,,,,,,,,,,,,,,,,,,,,
16:50:29,33.21,-9.81,-3.65,-1.69,10.60,6.12,,,,,,,,,,,,,,,,,,,,,
16:50:37,33.21,-9.69,-3.69,-1.61,10.49,6.06,,,,,,,,,,,,,,,,,,,,,
16:50:42,33.25,-9.73,-3.65,-1.73,10.53,6.08,,,,,,,,,,,,,,,,,,,,,
16:50:49,33.17,-9.73,-3.65,-1.77,10.54,6.08,,,,,,,,,,,,,,,,,,,,,
16:50:54,33.25,-9.73,-3.69,-1.69,10.54,6.09,,,,,,,,,,,,,,,,,,,,,
16:50:59,33.07,-9.77,-3.65,-1.73,10.57,6.10,,,,,,,,,,,,,,,,,,,,,
16:51:05,33.17,-9.73,-3.69,-1.73,10.55,6.09,,,,,,,,,,,,,,,,,,,,,
16:51:10,33.21,-9.77,-3.69,-1.69,10.58,6.11,,,,,,,,,,,,,,,,,,,,,
16:51:18,33.25,-9.77,-3.69,-1.73,10.58,6.11,,,,,,,,,,,,,,,,,,,,,
16:57:03,32.81,-9.77,-3.65,-1.73,10.57,6.10,,,,,,,,,,,,,,,,,,,,,
16:57:09,32.71,-9.73,-3.69,-1.77,10.55,6.09,,,,,,,,,,,,,,,,,,,,,
16:57:14,32.81,-9.73,-3.69,-1.73,10.55,6.09,,,,,,,,,,,,,,,,,,,,,
16:57:20,32.75,-9.73,-3.65,-1.69,10.53,6.08,,,,,,,,,,,,,,,,,,,,,
16:57:26,32.81,-9.73,-3.65,-1.69,10.53,6.08,,,,,,,,,,,,,,,,,,,,,
16:57:32,32.75,-9.85,-3.30,-1.65,10.51,6.07,,,,,,,,,,,,,,,,,,,,,
16:57:38,32.81,-10.32,-3.49,-1.77,11.03,6.37,,,,,,,,,,,,,,,,,,,,,
16:57:43,32.83,-9.65,-3.81,-1.53,10.49,6.05,,,,,,,,,,,,,,,,,,,,,
16:57:49,32.83,-9.81,-3.57,-1.61,10.56,6.10,,,,,,,,,,,,,,,,,,,,,
16:57:52,32.83,-9.65,-3.26,-1.80,10.34,5.97,,,,,,,,,,,,,,,,,,,,,
16:57:57,32.77,-9.77,-3.61,-1.69,10.55,6.09,,,,,,,,,,,,,,,,,,,,,
16:58:03,32.81,-10.04,-3.88,-1.61,10.89,6.29,,,,,,,,,,,,,,,,,,,,,
16:58:08,32.75,-9.61,-3.81,-1.53,10.45,6.03,,,,,,,,,,,,,,,,,,,,,
16:58:11,32.71,-9.89,-3.26,-1.88,10.58,6.11,,,,,,,,,,,,,,,,,,,,,
16:58:17,32.81,-9.69,-4.35,-1.53,10.73,6.20,,,,,,,,,,,,,,,,,,,,,
16:58:22,32.83,-9.96,-4.32,-1.53,10.97,6.33,,,,,,,,,,,,,,,,,,,,,
16:58:28,32.83,-9.69,-4.12,-1.41,10.62,6.13,,,,,,,,,,,,,,,,,,,,,
16:58:32,32.81,-9.92,-3.77,-1.77,10.76,6.21,,,,,,,,,,,,,,,,,,,,,
16:58:37,32.77,-9.65,-3.61,-1.73,10.45,6.03,,,,,,,,,,,,,,,,,,,,,
16:58:44,32.77,-9.53,-3.73,-1.53,10.35,5.98,,,,,,,,,,,,,,,,,,,,,
16:58:49,32.75,-9.65,-4.24,-1.57,10.66,6.15,,,,,,,,,,,,,,,,,,,,,
16:58:55,32.85,-9.81,-3.73,-1.61,10.61,6.13,,,,,,,,,,,,,,,,,,,,,
16:59:01,32.83,-9.81,-2.63,-1.96,10.34,5.97,,,,,,,,,,,,,,,,,,,,,
16:59:07,32.83,-9.96,-3.14,-1.80,10.60,6.12,,,,,,,,,,,,,,,,,,,,,
16:59:12,32.83,-9.57,-4.00,-1.65,10.50,6.06,,,,,,,,,,,,,,,,,,,,,
17:01:46,32.69,-9.89,-3.96,-1.49,10.75,6.21,,,,,,,,,,,,,,,,,,,,,
17:01:51,32.75,-9.89,-3.81,-1.61,10.71,6.19,,,,,,,,,,,,,,,,,,,,,
17:02:00,32.63,-9.69,-3.37,-1.65,10.39,6.00,,,,,,,,,,,,,,,,,,,,,
17:02:04,32.63,-9.81,-4.00,-1.53,10.70,6.18,,,,,,,,,,,,,,,,,,,,,
17:03:10,35.37,-9.45,-3.73,-1.61,10.29,5.94,,,,,,,,,,,,,,,,,,,,,
17:03:38,35.35,-9.65,-3.57,-1.80,10.45,6.03,,,,,,,,,,,,,,,,,,,,,
17:03:43,34.31,-10.20,-3.18,-1.84,10.84,6.26,,,,,,,,,,,,,,,,,,,,,
17:03:48,35.07,-9.69,-4.04,-1.61,10.62,6.13,,,,,,,,,,,,,,,,,,,,,
17:03:54,32.41,-10.08,-3.49,-1.69,10.80,6.24,,,,,,,,,,,,,,,,,,,,,
17:03:59,32.83,-9.69,-3.57,-1.73,10.47,6.04,,,,,,,,,,,,,,,,,,,,,
17:04:03,32.75,-9.96,-3.49,-1.65,10.69,6.17,,,,,,,,,,,,,,,,,,,,,
17:04:08,32.75,-9.96,-3.88,-1.49,10.80,6.23,,,,,,,,,,,,,,,,,,,,,
17:04:14,32.77,-9.92,-3.77,-1.77,10.76,6.21,,,,,,,,,,,,,,,,,,,,,
17:04:19,32.77,-8.98,-3.69,-1.65,9.85,5.69,,,,,,,,,,,,,,,,,,,,,
17:04:25,32.77,-9.61,-3.77,-1.65,10.45,6.04,,,,,,,,,,,,,,,,,,,,,
17:04:31,32.77,-9.77,-3.69,-1.73,10.58,6.11,,,,,,,,,,,,,,,,,,,,,
17:04:34,32.75,-9.73,-3.69,-1.65,10.53,6.08,,,,,,,,,,,,,,,,,,,,,
17:04:40,32.75,-9.73,-3.65,-1.61,10.51,6.07,,,,,,,,,,,,,,,,,,,,,
17:04:44,32.71,-9.77,-3.69,-1.65,10.57,6.10,,,,,,,,,,,,,,,,,,,,,
17:04:51,32.69,-9.73,-3.69,-1.69,10.54,6.09,,,,,,,,,,,,,,,,,,,,,
17:04:57,32.69,-9.77,-3.65,-1.65,10.56,6.09,,,,,,,,,,,,,,,,,,,,,
17:05:02,32.71,-9.77,-3.65,-1.65,10.56,6.09,,,,,,,,,,,,,,,,,,,,,
17:05:08,32.69,-9.77,-3.65,-1.57,10.54,6.09,,,,,,,,,,,,,,,,,,,,,
17:05:13,32.75,-9.73,-3.65,-1.65,10.52,6.07,,,,,,,,,,,,,,,,,,,,,
17:05:19,32.67,-9.69,-3.65,-1.61,10.48,6.05,,,,,,,,,,,,,,,,,,,,,
17:05:22,32.55,-9.73,-3.73,-1.69,10.55,6.09,,,,,,,,,,,,,,,,,,,,,
17:05:28,32.63,-9.73,-3.73,-1.65,10.55,6.09,,,,,,,,,,,,,,,,,,,,,
17:05:31,32.55,-9.77,-3.69,-1.73,10.58,6.11,,,,,,,,,,,,,,,,,,,,,
17:05:37,32.55,-9.73,-3.69,-1.61,10.53,6.08,,,,,,,,,,,,,,,,,,,,,
17:05:44,32.63,-9.77,-3.65,-1.65,10.56,6.09,,,,,,,,,,,,,,,,,,,,,
17:05:47,32.45,-9.73,-3.69,-1.73,10.55,6.09,,,,,,,,,,,,,,,,,,,,,
17:05:53,32.39,-9.73,-3.69,-1.61,10.53,6.08,,,,,,,,,,,,,,,,,,,,,
17:05:58,32.61,-9.77,-3.69,-1.69,10.58,6.11,,,,,,,,,,,,,,,,,,,,,
17:06:04,32.53,-9.73,-3.69,-1.65,10.53,6.08,,,,,,,,,,,,,,,,,,,,,
17:06:09,32.45,-9.73,-3.69,-1.73,10.55,6.09,,,,,,,,,,,,,,,,,,,,,
17:06:15,32.59,-9.73,-3.69,-1.69,10.54,6.09,,,,,,,,,,,,,,,,,,,,,
17:06:20,32.55,-9.69,-3.73,-1.61,10.51,6.07,,,,,,,,,,,,,,,,,,,,,
17:06:26,32.55,-9.73,-3.65,-1.69,10.53,6.08,,,,,,,,,,,,,,,,,,,,,
17:06:31,32.55,-9.69,-3.65,-1.73,10.50,6.06,,,,,,,,,,,,,,,,,,,,,
17:06:37,32.47,-9.73,-3.73,-1.65,10.55,6.09,,,,,,,,,,,,,,,,,,,,,
17:06:42,32.55,-9.81,-3.65,-1.69,10.60,6.12,,,,,,,,,,,,,,,,,,,,,
17:06:46,32.67,-9.73,-3.65,-1.73,10.53,6.08,,,,,,,,,,,,,,,,,,,,,
17:06:51,32.61,-9.73,-3.73,-1.65,10.55,6.09,,,,,,,,,,,,,,,,,,,,,
17:06:58,32.69,-9.77,-3.69,-1.61,10.56,6.10,,,,,,,,,,,,,,,,,,,,,
17:08:41,32.61,-9.69,-3.65,-1.69,10.49,6.06,,,,,,,,,,,,,,,,,,,,,
17:08:47,32.67,-9.73,-3.69,-1.65,10.53,6.08,,,,,,,,,,,,,,,,,,,,,
17:08:54,32.53,-9.73,-3.65,-1.69,10.53,6.08,,,,,,,,,,,,,,,,,,,,,
17:08:57,32.53,-9.65,-3.88,-1.49,10.51,6.07,,,,,,,,,,,,,,,,,,,,,
17:09:03,32.55,-10.08,-3.30,-1.73,10.75,6.20,,,,,,,,,,,,,,,,,,,,,
17:09:09,32.63,-9.77,-3.69,-1.80,10.60,6.12,,,,,,,,,,,,,,,,,,,,,
17:09:15,32.61,-10.08,-3.84,-1.57,10.90,6.30,,,,,,,,,,,,,,,,,,,,,
17:09:23,32.67,-9.41,-3.92,-1.53,10.31,5.95,,,,,,,,,,,,,,,,,,,,,
17:09:29,32.61,-9.45,-4.43,-1.41,10.54,6.08,,,,,,,,,,,,,,,,,,,,,
17:09:35,32.69,-10.00,-3.18,-1.80,10.65,6.15,,,,,,,,,,,,,,,,,,,,,
17:09:38,31.97,-9.53,-3.84,-1.49,10.39,6.00,,,,,,,,,,,,,,,,,,,,,
17:10:11,50.91,-10.00,-3.57,-1.80,10.77,6.22,,,,,,,,,,,,,,,,,,,,,
17:10:20,47.47,-9.65,-3.33,-1.53,10.32,5.96,,,,,,,,,,,,,,,,,,,,,
17:10:25,45.19,-9.69,-3.69,-1.57,10.49,6.05,,,,,,,,,,,,,,,,,,,,,
17:10:31,42.71,-9.73,-3.69,-1.69,10.54,6.09,,,,,,,,,,,,,,,,,,,,,
17:10:36,41.63,-9.73,-3.69,-1.65,10.53,6.08,,,,,,,,,,,,,,,,,,,,,
17:10:42,38.75,-9.73,-3.30,-1.69,10.41,6.01,,,,,,,,,,,,,,,,,,,,,
17:10:45,39.31,-9.69,-4.04,-1.53,10.61,6.13,,,,,,,,,,,,,,,,,,,,,
17:10:51,38.11,-9.81,-4.35,-1.33,10.81,6.24,,,,,,,,,,,,,,,,,,,,,
17:10:57,38.63,-9.69,-3.65,-1.69,10.49,6.06,,,,,,,,,,,,,,,,,,,,,
17:11:02,38.33,-9.65,-3.26,-1.65,10.32,5.96,,,,,,,,,,,,,,,,,,,,,
17:11:07,39.31,-9.18,-4.90,-1.37,10.50,6.06,,,,,,,,,,,,,,,,,,,,,
17:11:11,41.71,-9.57,-4.43,-1.49,10.65,6.15,,,,,,,,,,,,,,,,,,,,,
17:11:16,39.13,-9.77,-3.33,-1.80,10.48,6.05,,,,,,,,,,,,,,,,,,,,,
17:11:22,40.83,-9.89,-3.57,-1.65,10.64,6.14,,,,,,,,,,,,,,,,,,,,,
17:11:28,37.87,-9.65,-3.69,-1.65,10.46,6.04,,,,,,,,,,,,,,,,,,,,,
17:11:31,38.51,-9.34,-3.81,-1.65,10.22,5.90,,,,,,,,,,,,,,,,,,,,,
17:11:37,37.13,-9.77,-4.39,-1.45,10.81,6.24,,,,,,,,,,,,,,,,,,,,,
17:11:42,38.49,-9.10,-3.14,-1.65,9.77,5.64,,,,,,,,,,,,,,,,,,,,,
17:11:48,37.71,-9.73,-3.84,-1.49,10.57,6.10,,,,,,,,,,,,,,,,,,,,,
17:11:53,45.83,-10.36,-3.45,-1.96,11.09,6.40,,,,,,,,,,,,,,,,,,,,,
17:11:57,49.51,-9.89,-3.96,-1.65,10.78,6.22,,,,,,,,,,,,,,,,,,,,,
17:12:02,63.11,-9.73,-3.61,-1.80,10.53,6.08,,,,,,,,,,,,,,,,,,,,,
17:12:08,50.63,-9.65,-3.45,-1.77,10.40,6.00,,,,,,,,,,,,,,,,,,,,,
17:12:13,50.49,-9.69,-4.04,-1.53,10.61,6.13,,,,,,,,,,,,,,,,,,,,,
17:12:19,50.61,-10.28,-4.08,-1.49,11.16,6.44,,,,,,,,,,,,,,,,,,,,,
17:12:24,51.11,-10.83,-4.00,-1.77,11.68,6.74,,,,,,,,,,,,,,,,,,,,,
17:12:28,51.39,-10.12,-3.57,-1.80,10.88,6.28,,,,,,,,,,,,,,,,,,,,,
17:12:33,45.09,-9.89,-3.88,-1.57,10.74,6.20,,,,,,,,,,,,,,,,,,,,,
17:12:38,46.79,-9.41,-3.45,-1.65,10.16,5.87,,,,,,,,,,,,,,,,,,,,,
17:12:44,45.91,-9.73,-3.77,-1.37,10.52,6.08,,,,,,,,,,,,,,,,,,,,,
17:12:49,44.35,-9.77,-3.73,-1.80,10.61,6.13,,,,,,,,,,,,,,,,,,,,,
17:12:55,43.99,-9.77,-3.65,-1.65,10.56,6.09,,,,,,,,,,,,,,,,,,,,,
17:13:01,43.19,-9.77,-3.69,-1.65,10.57,6.10,,,,,,,,,,,,,,,,,,,,,
17:19:40,32.11,-9.77,-3.65,-1.69,10.56,6.10,,,,,,,,,,,,,,,,,,,,,
17:19:47,32.25,-9.65,-3.77,-1.69,10.50,6.06,,,,,,,,,,,,,,,,,,,,,
17:19:53,32.13,-9.69,-3.77,-1.61,10.52,6.07,,,,,,,,,,,,,,,,,,,,,
17:19:56,32.17,-9.77,-3.69,-1.73,10.58,6.11,,,,,,,,,,,,,,,,,,,,,
17:20:04,32.11,-9.77,-3.69,-1.69,10.58,6.11,,,,,,,,,,,,,,,,,,,,,
17:20:09,32.09,-9.73,-3.69,-1.73,10.55,6.09,,,,,,,,,,,,,,,,,,,,,
17:20:44,32.05,-9.73,-3.69,-1.73,10.55,6.09,,,,,,,,,,,,,,,,,,,,,
17:20:50,31.95,-9.69,-3.69,-1.65,10.50,6.06,,,,,,,,,,,,,,,,,,,,,
17:20:55,31.97,-9.69,-3.69,-1.65,10.50,6.06,,,,,,,,,,,,,,,,,,,,,
17:21:01,31.85,-9.77,-3.73,-1.69,10.59,6.11,,,,,,,,,,,,,,,,,,,,,
17:21:06,31.89,-9.81,-3.69,-1.77,10.63,6.13,,,,,,,,,,,,,,,,,,,,,
17:21:12,31.81,-9.73,-3.69,-1.61,10.53,6.08,,,,,,,,,,,,,,,,,,,,,
17:21:17,31.83,-9.69,-3.69,-1.69,10.50,6.06,,,,,,,,,,,,,,,,,,,,,
17:21:23,31.91,-9.77,-3.69,-1.61,10.56,6.10,,,,,,,,,,,,,,,,,,,,,
17:21:29,31.95,-9.77,-3.73,-1.77,10.60,6.12,,,,,,,,,,,,,,,,,,,,,
17:21:34,31.91,-9.73,-3.69,-1.61,10.53,6.08,,,,,,,,,,,,,,,,,,,,,
17:21:40,31.91,-9.77,-3.69,-1.73,10.58,6.11,,,,,,,,,,,,,,,,,,,,,
17:21:46,31.85,-9.77,-3.69,-1.69,10.58,6.11,,,,,,,,,,,,,,,,,,,,,
17:21:52,31.89,-9.73,-3.69,-1.61,10.53,6.08,,,,,,,,,,,,,,,,,,,,,
17:21:57,31.95,-9.73,-3.73,-1.65,10.55,6.09,,,,,,,,,,,,,,,,,,,,,
17:22:02,32.09,-9.73,-3.69,-1.69,10.54,6.09,,,,,,,,,,,,,,,,,,,,,
17:22:08,32.11,-9.69,-3.65,-1.69,10.49,6.06,,,,,,,,,,,,,,,,,,,,,
17:22:13,32.03,-9.77,-3.65,-1.73,10.57,6.10,,,,,,,,,,,,,,,,,,,,,
17:22:19,32.09,-9.73,-3.65,-1.77,10.54,6.08,,,,,,,,,,,,,,,,,,,,,
17:22:24,31.95,-9.65,-3.69,-1.69,10.47,6.04,,,,,,,,,,,,,,,,,,,,,
17:22:30,32.03,-9.77,-3.73,-1.73,10.60,6.12,,,,,,,,,,,,,,,,,,,,,
17:22:33,31.91,-9.77,-3.69,-1.73,10.58,6.11,,,,,,,,,,,,,,,,,,,,,
17:22:40,31.97,-9.77,-3.69,-1.69,10.58,6.11,,,,,,,,,,,,,,,,,,,,,
17:22:45,32.05,-9.69,-3.65,-1.69,10.49,6.06,,,,,,,,,,,,,,,,,,,,,
17:22:49,32.05,-9.73,-3.65,-1.69,10.53,6.08,,,,,,,,,,,,,,,,,,,,,
17:22:55,31.99,-9.73,-3.65,-1.61,10.51,6.07,,,,,,,,,,,,,,,,,,,,,
17:23:01,32.03,-9.73,-3.69,-1.77,10.55,6.09,,,,,,,,,,,,,,,,,,,,,
17:23:07,32.05,-9.77,-3.69,-1.65,10.57,6.10,,,,,,,,,,,,,,,,,,,,,
17:23:13,32.05,-9.73,-3.69,-1.69,10.54,6.09,,,,,,,,,,,,,,,,,,,,,
17:23:19,31.99,-9.73,-3.69,-1.65,10.53,6.08,,,,,,,,,,,,,,,,,,,,,
17:23:23,32.03,-9.69,-3.73,-1.69,10.52,6.07,,,,,,,,,,,,,,,,,,,,,
17:23:28,31.99,-9.77,-3.69,-1.69,10.58,6.11,,,,,,,,,,,,,,,,,,,,,
17:23:34,31.97,-9.73,-3.69,-1.77,10.55,6.09,,,,,,,,,,,,,,,,,,,,,
17:23:40,31.97,-9.73,-3.69,-1.69,10.54,6.09,,,,,,,,,,,,,,,,,,,,,
17:23:46,32.03,-9.77,-3.69,-1.73,10.58,6.11,,,,,,,,,,,,,,,,,,,,,
17:23:51,32.05,-9.69,-3.73,-1.65,10.51,6.07,,,,,,,,,,,,,,,,,,,,,
17:23:56,31.89,-9.73,-3.69,-1.80,10.56,6.10,,,,,,,,,,,,,,,,,,,,,
17:24:03,31.89,-9.73,-3.69,-1.77,10.55,6.09,,,,,,,,,,,,,,,,,,,,,
17:24:08,31.89,-9.73,-3.69,-1.73,10.55,6.09,,,,,,,,,,,,,,,,,,,,,
17:24:14,31.85,-9.77,-3.69,-1.65,10.57,6.10,,,,,,,,,,,,,,,,,,,,,
17:24:20,31.91,-9.73,-3.65,-1.73,10.53,6.08,,,,,,,,,,,,,,,,,,,,,
17:24:25,31.97,-9.73,-3.69,-1.65,10.53,6.08,,,,,,,,,,,,,,,,,,,,,
17:24:31,31.97,-9.73,-3.69,-1.69,10.54,6.09,,,,,,,,,,,,,,,,,,,,,
17:24:36,31.95,-9.77,-3.65,-1.73,10.57,6.10,,,,,,,,,,,,,,,,,,,,,
17:24:41,31.75,-9.65,-3.73,-1.77,10.49,6.06,,,,,,,,,,,,,,,,,,,,,
17:24:49,31.83,-9.69,-3.61,-1.69,10.48,6.05,,,,,,,,,,,,,,,,,,,,,
17:24:52,31.99,-10.40,-3.02,-1.88,10.99,6.34,,,,,,,,,,,,,,,,,,,,,
17:24:57,31.91,-9.73,-3.57,-1.77,10.51,6.07,,,,,,,,,,,,,,,,,,,,,
17:25:03,31.91,-10.04,-3.61,-1.88,10.84,6.26,,,,,,,,,,,,,,,,,,,,,
17:25:08,31.95,-9.41,-3.88,-1.49,10.29,5.94,,,,,,,,,,,,,,,,,,,,,
17:25:14,32.03,-9.96,-3.53,-1.69,10.70,6.18,,,,,,,,,,,,,,,,,,,,,
17:25:18,32.05,-8.75,-3.06,-1.80,9.44,5.45,,,,,,,,,,,,,,,,,,,,,
17:25:25,32.05,-9.85,-3.81,-1.73,10.70,6.18,,,,,,,,,,,,,,,,,,,,,
17:25:30,32.05,-10.63,-4.28,-1.49,11.56,6.67,,,,,,,,,,,,,,,,,,,,,
17:25:34,32.03,-10.00,-3.65,-1.57,10.76,6.21,,,,,,,,,,,,,,,,,,,,,
17:25:39,32.03,-9.89,-4.24,-1.57,10.87,6.28,,,,,,,,,,,,,,,,,,,,,
17:25:43,32.05,-9.38,-3.37,-2.00,10.16,5.87,,,,,,,,,,,,,,,,,,,,,
17:25:48,32.09,-9.45,-3.65,-1.65,10.27,5.93,,,,,,,,,,,,,,,,,,,,,
17:25:53,32.03,-9.18,-2.43,-2.00,9.70,5.60,,,,,,,,,,,,,,,,,,,,,
17:25:57,32.11,-10.24,-4.43,-1.29,11.23,6.48,,,,,,,,,,,,,,,,,,,,,
17:26:03,32.09,-9.89,-3.69,-1.49,10.66,6.15,,,,,,,,,,,,,,,,,,,,,
17:26:13,32.13,-9.57,-3.73,-1.80,10.43,6.02,,,,,,,,,,,,,,,,,,,,,
17:26:18,32.11,-9.89,-3.69,-1.73,10.69,6.17,,,,,,,,,,,,,,,,,,,,,
17:26:22,32.09,-10.16,-3.57,-1.61,10.89,6.29,,,,,,,,,,,,,,,,,,,,,
17:26:27,32.35,-9.26,-4.47,-1.49,10.39,6.00,,,,,,,,,,,,,,,,,,,,,
17:26:33,33.77,-9.02,-3.49,-1.77,9.83,5.68,,,,,,,,,,,,,,,,,,,,,
17:26:37,33.19,-10.24,-2.67,-2.08,10.78,6.23,,,,,,,,,,,,,,,,,,,,,
17:26:43,32.59,-9.49,-4.67,-1.49,10.68,6.17,,,,,,,,,,,,,,,,,,,,,
17:26:48,32.95,-9.53,-4.08,-1.45,10.47,6.05,,,,,,,,,,,,,,,,,,,,,
17:26:56,32.81,-10.00,-3.53,-1.65,10.74,6.20,,,,,,,,,,,,,,,,,,,,,
17:27:00,34.13,-9.92,-3.77,-1.77,10.76,6.21,,,,,,,,,,,,,,,,,,,,,
17:27:07,33.63,-9.49,-3.69,-1.57,10.30,5.95,,,,,,,,,,,,,,,,,,,,,
17:27:16,33.63,-10.04,-4.00,-1.57,10.92,6.31,,,,,,,,,,,,,,,,,,,,,
17:27:21,34.47,-10.00,-3.33,-1.69,10.68,6.17,,,,,,,,,,,,,,,,,,,,,
17:27:26,34.39,-9.57,-3.57,-1.77,10.37,5.99,,,,,,,,,,,,,,,,,,,,,
17:27:32,34.43,-10.08,-3.69,-1.49,10.84,6.26,,,,,,,,,,,,,,,,,,,,,
17:27:37,34.13,-9.65,-3.18,-1.69,10.30,5.95,,,,,,,,,,,,,,,,,,,,,
17:27:42,34.33,-9.06,-4.86,-1.37,10.38,5.99,,,,,,,,,,,,,,,,,,,,,
17:27:48,34.33,-9.69,-4.00,-1.45,10.58,6.11,,,,,,,,,,,,,,,,,,,,,
17:27:54,33.93,-9.49,-3.92,-1.45,10.37,5.99,,,,,,,,,,,,,,,,,,,,,
17:27:59,35.51,-9.38,-3.77,-1.65,10.24,5.91,,,,,,,,,,,,,,,,,,,,,
17:28:04,35.81,-10.32,-2.75,-1.88,10.84,6.26,,,,,,,,,,,,,,,,,,,,,
17:28:08,35.61,-9.38,-4.47,-1.45,10.49,6.06,,,,,,,,,,,,,,,,,,,,,
17:28:13,37.13,-10.79,-3.92,-1.65,11.60,6.70,,,,,,,,,,,,,,,,,,,,,
17:28:18,38.11,-9.89,-3.81,-1.61,10.71,6.19,,,,,,,,,,,,,,,,,,,,,
17:28:24,38.55,-9.53,-4.20,-1.37,10.51,6.07,,,,,,,,,,,,,,,,,,,,,
17:28:30,38.85,-9.77,-4.43,-1.57,10.84,6.26,,,,,,,,,,,,,,,,,,,,,
17:28:36,36.87,-9.96,-3.14,-2.00,10.64,6.14,,,,,,,,,,,,,,,,,,,,,
17:28:41,37.11,-9.10,-3.81,-1.65,10.00,5.77,,,,,,,,,,,,,,,,,,,,,
17:28:47,40.79,-10.24,-2.75,-1.84,10.76,6.21,,,,,,,,,,,,,,,,,,,,,
17:28:53,41.03,-10.04,-2.63,-1.84,10.54,6.09,,,,,,,,,,,,,,,,,,,,,
17:28:58,42.43,-9.53,-3.49,-1.57,10.27,5.93,,,,,,,,,,,,,,,,,,,,,
17:29:04,43.67,-9.69,-4.00,-1.41,10.58,6.11,,,,,,,,,,,,,,,,,,,,,
17:29:07,43.47,-9.57,-3.84,-1.61,10.44,6.03,,,,,,,,,,,,,,,,,,,,,
17:29:13,39.99,-9.96,-3.41,-1.92,10.71,6.18,,,,,,,,,,,,,,,,,,,,,
17:29:18,42.29,-8.90,-3.30,-1.73,9.65,5.57,,,,,,,,,,,,,,,,,,,,,
17:29:23,42.15,-9.81,-2.98,-1.80,10.41,6.01,,,,,,,,,,,,,,,,,,,,,
17:29:31,39.99,-10.00,-3.41,-1.77,10.72,6.19,,,,,,,,,,,,,,,,,,,,,
17:29:37,41.35,-9.69,-3.26,-1.92,10.40,6.01,,,,,,,,,,,,,,,,,,,,,
17:29:43,40.67,-9.73,-2.79,-1.80,10.28,5.93,,,,,,,,,,,,,,,,,,,,,
17:38:21,32.63,-9.77,-3.65,-1.73,10.57,6.10,,,,,,,,,,,,,,,,,,,,,
17:38:26,32.67,-9.73,-3.69,-1.65,10.53,6.08,,,,,,,,,,,,,,,,,,,,,
17:38:32,32.63,-9.77,-3.65,-1.57,10.54,6.09,,,,,,,,,,,,,,,,,,,,,
17:38:35,32.59,-9.81,-3.73,-1.65,10.62,6.13,,,,,,,,,,,,,,,,,,,,,
17:38:38,32.71,-9.61,-3.65,-1.73,10.42,6.02,,,,,,,,,,,,,,,,,,,,,
17:38:42,32.69,-9.77,-3.65,-1.61,10.55,6.09,,,,,,,,,,,,,,,,,,,,,
17:38:48,32.77,-9.77,-3.61,-1.61,10.54,6.08,,,,,,,,,,,,,,,,,,,,,
17:38:54,32.63,-9.73,-3.73,-1.69,10.55,6.09,,,,,,,,,,,,,,,,,,,,,
17:38:59,32.63,-9.73,-3.69,-1.69,10.54,6.09,,,,,,,,,,,,,,,,,,,,,
17:39:05,32.63,-9.73,-3.73,-1.61,10.54,6.09,,,,,,,,,,,,,,,,,,,,,
17:39:08,32.59,-9.73,-3.69,-1.65,10.53,6.08,,,,,,,,,,,,,,,,,,,,,
17:39:12,32.59,-9.69,-3.65,-1.61,10.48,6.05,,,,,,,,,,,,,,,,,,,,,
17:39:17,32.63,-9.73,-3.69,-1.73,10.55,6.09,,,,,,,,,,,,,,,,,,,,,
17:39:23,32.63,-9.73,-3.69,-1.65,10.53,6.08,,,,,,,,,,,,,,,,,,,,,
17:39:27,32.67,-9.73,-3.61,-1.69,10.51,6.07,,,,,,,,,,,,,,,,,,,,,
17:39:31,32.67,-9.73,-3.61,-1.61,10.50,6.06,,,,,,,,,,,,,,,,,,,,,
17:39:37,32.67,-9.96,-3.61,-1.69,10.73,6.20,,,,,,,,,,,,,,,,,,,,,
17:39:42,32.67,-9.65,-3.65,-1.69,10.45,6.04,,,,,,,,,,,,,,,,,,,,,
17:39:53,32.63,-10.00,-3.53,-1.80,10.76,6.21,,,,,,,,,,,,,,,,,,,,,
17:39:55,32.61,-9.73,-3.41,-1.80,10.47,6.04,,,,,,,,,,,,,,,,,,,,,
17:40:01,32.67,-9.61,-3.14,-1.80,10.27,5.93,,,,,,,,,,,,,,,,,,,,,
17:40:06,32.63,-9.61,-3.37,-1.69,10.32,5.96,,,,,,,,,,,,,,,,,,,,,
17:40:10,32.67,-9.69,-3.53,-1.61,10.44,6.03,,,,,,,,,,,,,,,,,,,,,
17:40:15,32.67,-9.81,-3.49,-1.69,10.55,6.09,,,,,,,,,,,,,,,,,,,,,
17:40:21,32.69,-9.69,-3.65,-1.73,10.50,6.06,,,,,,,,,,,,,,,,,,,,,
17:40:28,32.25,-9.85,-3.61,-1.57,10.60,6.12,,,,,,,,,,,,,,,,,,,,,
17:40:33,34.03,-9.69,-3.81,-1.57,10.53,6.08,,,,,,,,,,,,,,,,,,,,,
17:40:38,34.39,-9.92,-3.57,-1.61,10.67,6.16,,,,,,,,,,,,,,,,,,,,,
17:40:44,36.37,-9.34,-3.53,-1.77,10.14,5.85,,,,,,,,,,,,,,,,,,,,,
17:40:49,39.09,-9.96,-3.53,-1.77,10.72,6.19,,,,,,,,,,,,,,,,,,,,,
17:40:55,43.59,-9.65,-3.96,-1.65,10.56,6.10,,,,,,,,,,,,,,,,,,,,,
17:40:59,50.37,-9.18,-3.69,-1.57,10.02,5.78,,,,,,,,,,,,,,,,,,,,,
17:41:04,51.47,-9.53,-3.69,-1.57,10.34,5.97,,,,,,,,,,,,,,,,,,,,,
17:41:10,43.03,-10.08,-3.92,-1.61,10.94,6.31,,,,,,,,,,,,,,,,,,,,,
17:42:23,31.95,-9.77,-3.73,-1.65,10.58,6.11,,,,,,,,,,,,,,,,,,,,,
17:42:29,31.95,-9.69,-3.69,-1.69,10.50,6.06,,,,,,,,,,,,,,,,,,,,,
17:42:36,31.85,-9.73,-3.49,-1.61,10.46,6.04,,,,,,,,,,,,,,,,,,,,,
17:42:41,31.95,-9.89,-3.69,-1.65,10.68,6.17,,,,,,,,,,,,,,,,,,,,,
17:42:46,31.91,-9.69,-2.90,-1.88,10.29,5.94,,,,,,,,,,,,,,,,,,,,,
17:42:52,31.97,-9.65,-4.20,-1.57,10.64,6.14,,,,,,,,,,,,,,,,,,,,,
17:42:58,31.77,-9.89,-3.65,-1.77,10.68,6.17,,,,,,,,,,,,,,,,,,,,,
17:43:04,31.85,-9.53,-4.43,-1.22,10.58,6.11,,,,,,,,,,,,,,,,,,,,,
17:43:09,31.95,-9.61,-3.81,-1.77,10.49,6.05,,,,,,,,,,,,,,,,,,,,,
17:43:14,31.99,-10.00,-3.77,-1.45,10.79,6.23,,,,,,,,,,,,,,,,,,,,,
17:43:20,32.05,-9.81,-3.81,-1.65,10.65,6.15,,,,,,,,,,,,,,,,,,,,,
17:43:31,36.93,-9.77,-3.81,-1.65,10.61,6.13,,,,,,,,,,,,,,,,,,,,,
17:43:36,35.89,-9.49,-3.84,-1.61,10.37,5.99,,,,,,,,,,,,,,,,,,,,,
17:43:41,36.79,-9.85,-3.81,-1.65,10.68,6.17,,,,,,,,,,,,,,,,,,,,,
17:43:47,40.47,-9.69,-3.92,-1.53,10.56,6.10,,,,,,,,,,,,,,,,,,,,,
17:43:52,43.67,-9.38,-3.84,-1.80,10.29,5.94,,,,,,,,,,,,,,,,,,,,,
17:43:58,53.87,-9.69,-3.81,-1.69,10.55,6.09,,,,,,,,,,,,,,,,,,,,,
17:44:04,61.55,-9.92,-3.77,-1.65,10.74,6.20,,,,,,,,,,,,,,,,,,,,,
17:44:10,50.01,-9.49,-3.61,-1.57,10.28,5.93,,,,,,,,,,,,,,,,,,,,,
17:44:15,45.81,-9.77,-3.65,-1.65,10.56,6.09,,,,,,,,,,,,,,,,,,,,,
17:44:21,33.33,-9.73,-3.69,-1.61,10.53,6.08,,,,,,,,,,,,,,,,,,,,,
17:44:26,33.17,-9.81,-3.69,-1.69,10.61,6.13,,,,,,,,,,,,,,,,,,,,,
17:44:32,33.07,-9.73,-3.69,-1.73,10.55,6.09,,,,,,,,,,,,,,,,,,,,,
17:44:38,33.03,-9.69,-3.69,-1.61,10.49,6.06,,,,,,,,,,,,,,,,,,,,,
17:44:44,32.85,-9.81,-3.65,-1.69,10.60,6.12,,,,,,,,,,,,,,,,,,,,,
17:44:50,32.85,-9.73,-3.65,-1.73,10.53,6.08,,,,,,,,,,,,,,,,,,,,,
17:44:57,32.83,-9.77,-3.69,-1.73,10.58,6.11,,,,,,,,,,,,,,,,,,,,,
17:45:02,32.77,-9.73,-3.69,-1.73,10.55,6.09,,,,,,,,,,,,,,,,,,,,,
17:45:10,32.83,-9.73,-3.65,-1.65,10.52,6.07,,,,,,,,,,,,,,,,,,,,,
17:45:15,32.75,-9.69,-3.69,-1.69,10.50,6.06,,,,,,,,,,,,,,,,,,,,,
17:45:21,32.77,-9.73,-3.65,-1.61,10.51,6.07,,,,,,,,,,,,,,,,,,,,,
17:45:24,32.71,-9.69,-3.65,-1.69,10.49,6.06,,,,,,,,,,,,,,,,,,,,,
17:45:27,32.77,-9.73,-3.69,-1.65,10.53,6.08,,,,,,,,,,,,,,,,,,,,,
17:45:31,32.77,-9.73,-3.61,-1.65,10.51,6.07,,,,,,,,,,,,,,,,,,,,,
17:45:38,32.85,-9.73,-3.73,-1.65,10.55,6.09,,,,,,,,,,,,,,,,,,,,,
17:45:43,32.85,-9.77,-3.69,-1.69,10.58,6.11,,,,,,,,,,,,,,,,,,,,,
17:45:50,32.75,-9.69,-3.73,-1.69,10.52,6.07,,,,,,,,,,,,,,,,,,,,,
17:45:58,32.81,-9.77,-3.69,-1.65,10.57,6.10,,,,,,,,,,,,,,,,,,,,,
17:46:01,32.95,-9.69,-3.69,-1.69,10.50,6.06,,,,,,,,,,,,,,,,,,,,,
17:46:07,32.81,-9.73,-3.65,-1.65,10.52,6.07,,,,,,,,,,,,,,,,,,,,,
17:46:12,32.83,-9.69,-3.69,-1.73,10.51,6.07,,,,,,,,,,,,,,,,,,,,,
17:46:15,32.83,-9.73,-3.73,-1.69,10.55,6.09,,,,,,,,,,,,,,,,,,,,,
17:46:20,32.85,-9.73,-3.65,-1.73,10.53,6.08,,,,,,,,,,,,,,,,,,,,,
17:46:26,32.77,-9.77,-3.73,-1.69,10.59,6.11,,,,,,,,,,,,,,,,,,,,,
17:46:31,32.75,-9.73,-3.65,-1.61,10.51,6.07,,,,,,,,,,,,,,,,,,,,,
17:46:36,32.67,-9.73,-3.65,-1.61,10.51,6.07,,,,,,,,,,,,,,,,,,,,,
17:46:41,32.77,-9.77,-3.65,-1.65,10.56,6.09,,,,,,,,,,,,,,,,,,,,,
17:46:45,32.71,-9.77,-3.69,-1.69,10.58,6.11,,,,,,,,,,,,,,,,,,,,,
17:46:50,32.91,-9.77,-3.65,-1.65,10.56,6.09,,,,,,,,,,,,,,,,,,,,,
17:47:00,32.77,-9.77,-3.69,-1.61,10.56,6.10,,,,,,,,,,,,,,,,,,,,,
17:47:04,32.85,-9.77,-3.69,-1.65,10.57,6.10,,,,,,,,,,,,,,,,,,,,,
17:47:09,32.75,-9.73,-3.77,-1.61,10.56,6.09,,,,,,,,,,,,,,,,,,,,,
17:47:17,32.71,-9.73,-3.69,-1.73,10.55,6.09,,,,,,,,,,,,,,,,,,,,,
17:47:22,32.67,-9.73,-3.73,-1.65,10.55,6.09,,,,,,,,,,,,,,,,,,,,,
17:47:29,32.69,-9.77,-3.65,-1.69,10.56,6.10,,,,,,,,,,,,,,,,,,,,,
17:47:34,32.81,-9.73,-3.65,-1.65,10.52,6.07,,,,,,,,,,,,,,,,,,,,,
17:47:39,32.83,-9.77,-3.69,-1.65,10.57,6.10,,,,,,,,,,,,,,,,,,,,,
17:47:47,32.77,-9.73,-3.69,-1.69,10.54,6.09,,,,,,,,,,,,,,,,,,,,,
17:47:49,32.77,-9.73,-3.69,-1.65,10.53,6.08,,,,,,,,,,,,,,,,,,,,,
17:47:53,32.75,-9.77,-3.65,-1.65,10.56,6.09,,,,,,,,,,,,,,,,,,,,,
17:48:00,32.77,-9.69,-3.65,-1.65,10.48,6.05,,,,,,,,,,,,,,,,,,,,,
17:48:04,32.63,-9.69,-3.69,-1.69,10.50,6.06,,,,,,,,,,,,,,,,,,,,,
17:48:10,32.75,-10.00,-3.18,-1.77,10.64,6.15,,,,,,,,,,,,,,,,,,,,,
17:48:15,32.75,-9.61,-3.14,-1.92,10.29,5.94,,,,,,,,,,,,,,,,,,,,,
17:48:21,32.81,-9.73,-4.04,-1.49,10.64,6.14,,,,,,,,,,,,,,,,,,,,,
17:48:29,32.71,-9.73,-3.45,-1.73,10.47,6.04,,,,,,,,,,,,,,,,,,,,,
17:48:33,32.69,-9.69,-4.24,-1.37,10.66,6.16,,,,,,,,,,,,,,,,,,,,,
17:48:39,32.69,-9.69,-3.69,-1.53,10.48,6.05,,,,,,,,,,,,,,,,,,,,,
17:48:44,32.75,-9.73,-2.94,-1.80,10.32,5.96,,,,,,,,,,,,,,,,,,,,,
17:48:50,32.75,-9.85,-3.92,-1.61,10.72,6.19,,,,,,,,,,,,,,,,,,,,,
17:48:56,32.45,-9.65,-4.16,-1.49,10.61,6.13,,,,,,,,,,,,,,,,,,,,,
17:49:01,35.09,-9.77,-3.53,-1.65,10.52,6.07,,,,,,,,,,,,,,,,,,,,,
17:49:05,35.07,-9.49,-3.53,-1.73,10.27,5.93,,,,,,,,,,,,,,,,,,,,,
17:49:11,35.61,-9.61,-3.61,-1.61,10.39,6.00,,,,,,,,,,,,,,,,,,,,,
17:49:17,36.23,-9.92,-3.96,-1.33,10.77,6.22,,,,,,,,,,,,,,,,,,,,,
17:49:22,37.51,-9.81,-3.73,-1.61,10.61,6.13,,,,,,,,,,,,,,,,,,,,,
17:49:28,42.03,-9.41,-4.04,-1.41,10.34,5.97,,,,,,,,,,,,,,,,,,,,,
17:49:31,50.49,-9.65,-4.00,-1.53,10.56,6.10,,,,,,,,,,,,,,,,,,,,,
17:49:37,59.09,-9.49,-3.84,-1.53,10.36,5.98,,,,,,,,,,,,,,,,,,,,,
17:49:42,52.19,-9.81,-3.65,-1.61,10.59,6.11,,,,,,,,,,,,,,,,,,,,,
17:49:47,47.69,-9.69,-3.69,-1.69,10.50,6.06,,,,,,,,,,,,,,,,,,,,,
17:49:53,38.79,-9.69,-3.69,-1.65,10.50,6.06,,,,,,,,,,,,,,,,,,,,,
17:49:59,32.39,-9.73,-3.69,-1.61,10.53,6.08,,,,,,,,,,,,,,,,,,,,,
17:50:05,32.35,-9.73,-3.61,-1.69,10.51,6.07,,,,,,,,,,,,,,,,,,,,,
17:50:10,32.19,-9.77,-3.61,-1.65,10.54,6.09,,,,,,,,,,,,,,,,,,,,,
17:50:15,32.21,-9.73,-3.65,-1.73,10.53,6.08,,,,,,,,,,,,,,,,,,,,,
17:50:20,32.35,-9.73,-3.69,-1.65,10.53,6.08,,,,,,,,,,,,,,,,,,,,,
17:50:26,32.25,-9.81,-3.57,-1.73,10.58,6.11,,,,,,,,,,,,,,,,,,,,,
17:50:31,32.35,-9.77,-3.69,-1.69,10.58,6.11,,,,,,,,,,,,,,,,,,,,,
17:50:37,32.27,-9.77,-3.61,-1.77,10.56,6.10,,,,,,,,,,,,,,,,,,,,,
17:50:42,32.19,-9.77,-3.88,-1.65,10.64,6.14,,,,,,,,,,,,,,,,,,,,,
17:50:49,32.33,-9.73,-3.65,-1.61,10.51,6.07,,,,,,,,,,,,,,,,,,,,,
17:50:55,32.33,-9.92,-3.73,-1.65,10.73,6.19,,,,,,,,,,,,,,,,,,,,,
17:51:01,32.25,-9.77,-3.53,-1.73,10.53,6.08,,,,,,,,,,,,,,,,,,,,,
17:51:07,32.45,-9.69,-3.41,-1.65,10.40,6.01,,,,,,,,,,,,,,,,,,,,,
17:51:12,32.27,-9.73,-3.26,-1.80,10.42,6.01,,,,,,,,,,,,,,,,,,,,,
17:51:18,32.17,-10.04,-3.92,-1.73,10.92,6.30,,,,,,,,,,,,,,,,,,,,,
17:51:24,32.41,-9.73,-4.08,-1.92,10.72,6.19,,,,,,,,,,,,,,,,,,,,,
17:51:28,32.45,-9.61,-3.77,-1.65,10.45,6.04,,,,,,,,,,,,,,,,,,,,,
17:51:33,32.47,-9.57,-3.61,-1.69,10.37,5.99,,,,,,,,,,,,,,,,,,,,,
17:51:39,32.41,-9.26,-3.96,-1.45,10.17,5.87,,,,,,,,,,,,,,,,,,,,,
17:51:42,32.53,-10.08,-3.61,-1.65,10.83,6.26,,,,,,,,,,,,,,,,,,,,,
17:51:47,32.59,-10.08,-3.10,-1.77,10.69,6.17,,,,,,,,,,,,,,,,,,,,,
17:51:56,32.47,-9.73,-3.41,-1.65,10.44,6.03,,,,,,,,,,,,,,,,,,,,,
17:51:59,32.53,-9.26,-4.00,-1.61,10.21,5.90,,,,,,,,,,,,,,,,,,,,,
17:52:03,32.49,-9.89,-3.61,-1.65,10.65,6.15,,,,,,,,,,,,,,,,,,,,,
17:52:08,32.47,-9.57,-3.61,-1.53,10.34,5.97,,,,,,,,,,,,,,,,,,,,,
17:52:13,32.47,-9.85,-3.49,-1.73,10.59,6.11,,,,,,,,,,,,,,,,,,,,,
17:52:19,39.31,-10.00,-3.81,-1.57,10.82,6.25,,,,,,,,,,,,,,,,,,,,,
17:52:22,38.69,-9.45,-3.69,-1.61,10.27,5.93,,,,,,,,,,,,,,,,,,,,,
17:52:29,37.13,-9.77,-3.61,-1.61,10.54,6.08,,,,,,,,,,,,,,,,,,,,,
17:52:39,36.33,-9.41,-4.28,-1.41,10.44,6.03,,,,,,,,,,,,,,,,,,,,,
17:52:40,37.69,-9.73,-3.26,-1.80,10.42,6.01,,,,,,,,,,,,,,,,,,,,,
17:52:45,37.29,-9.65,-3.57,-1.61,10.41,6.01,,,,,,,,,,,,,,,,,,,,,
17:52:50,36.69,-9.38,-3.65,-1.61,10.19,5.88,,,,,,,,,,,,,,,,,,,,,
17:52:56,36.17,-10.00,-3.84,-1.69,10.85,6.26,,,,,,,,,,,,,,,,,,,,,
17:53:03,36.17,-9.65,-3.96,-1.53,10.54,6.09,,,,,,,,,,,,,,,,,,,,,
17:53:08,36.07,-9.69,-3.73,-1.77,10.53,6.08,,,,,,,,,,,,,,,,,,,,,
17:53:14,35.91,-9.45,-3.61,-1.61,10.25,5.92,,,,,,,,,,,,,,,,,,,,,
17:53:19,35.89,-9.65,-3.77,-1.65,10.49,6.06,,,,,,,,,,,,,,,,,,,,,
17:53:25,35.23,-9.77,-3.77,-1.65,10.60,6.12,,,,,,,,,,,,,,,,,,,,,
17:53:30,34.91,-9.57,-3.57,-1.80,10.37,5.99,,,,,,,,,,,,,,,,,,,,,
17:53:36,34.91,-9.69,-3.73,-1.57,10.50,6.06,,,,,,,,,,,,,,,,,,,,,
17:53:43,35.29,-9.34,-3.77,-1.49,10.18,5.88,,,,,,,,,,,,,,,,,,,,,
17:53:46,35.15,-9.61,-4.08,-1.53,10.55,6.09,,,,,,,,,,,,,,,,,,,,,
17:53:52,34.61,-9.73,-3.77,-1.61,10.56,6.09,,,,,,,,,,,,,,,,,,,,,
17:53:55,35.91,-10.16,-3.84,-1.73,11.00,6.35,,,,,,,,,,,,,,,,,,,,,
17:54:02,36.21,-9.89,-3.69,-1.69,10.68,6.17,,,,,,,,,,,,,,,,,,,,,
17:54:07,35.15,-9.73,-3.81,-1.61,10.57,6.10,,,,,,,,,,,,,,,,,,,,,
17:54:13,35.99,-10.00,-3.69,-1.65,10.79,6.23,,,,,,,,,,,,,,,,,,,,,
17:54:19,38.17,-9.69,-3.57,-1.57,10.44,6.03,,,,,,,,,,,,,,,,,,,,,
17:54:25,39.03,-9.92,-3.77,-1.73,10.75,6.21,,,,,,,,,,,,,,,,,,,,,
17:54:31,36.61,-9.77,-3.73,-1.73,10.60,6.12,,,,,,,,,,,,,,,,,,,,,
17:54:36,37.13,-9.57,-3.73,-1.65,10.40,6.01,,,,,,,,,,,,,,,,,,,,,
17:54:40,40.91,-10.00,-2.98,-1.96,10.62,6.13,,,,,,,,,,,,,,,,,,,,,
17:54:46,40.89,-9.41,-3.88,-1.65,10.32,5.96,,,,,,,,,,,,,,,,,,,,,
17:54:51,38.45,-9.61,-4.12,-1.53,10.57,6.10,,,,,,,,,,,,,,,,,,,,,
17:54:55,40.01,-9.61,-3.26,-1.77,10.30,5.95,,,,,,,,,,,,,,,,,,,,,
17:55:01,42.59,-9.53,-3.73,-1.61,10.36,5.98,,,,,,,,,,,,,,,,,,,,,
17:55:05,43.63,-10.08,-4.20,-1.49,11.02,6.36,,,,,,,,,,,,,,,,,,,,,
17:55:10,39.57,-9.53,-3.88,-1.41,10.39,6.00,,,,,,,,,,,,,,,,,,,,,
17:55:16,41.73,-9.45,-4.20,-1.45,10.45,6.03,,,,,,,,,,,,,,,,,,,,,
17:55:22,41.57,-9.92,-3.65,-1.69,10.71,6.18,,,,,,,,,,,,,,,,,,,,,
17:55:28,41.95,-9.41,-3.92,-1.61,10.33,5.96,,,,,,,,,,,,,,,,,,,,,
17:55:34,39.27,-9.73,-3.61,-1.69,10.51,6.07,,,,,,,,,,,,,,,,,,,,,
17:55:39,32.69,-10.00,-3.77,-1.69,10.82,6.25,,,,,,,,,,,,,,,,,,,,,
17:55:44,32.59,-9.69,-3.77,-1.69,10.53,6.08,,,,,,,,,,,,,,,,,,,,,
17:55:52,32.53,-9.69,-3.69,-1.65,10.50,6.06,,,,,,,,,,,,,,,,,,,,,
17:55:56,32.53,-9.73,-3.69,-1.65,10.53,6.08,,,,,,,,,,,,,,,,,,,,,
17:56:02,32.41,-9.73,-3.73,-1.61,10.54,6.09,,,,,,,,,,,,,,,,,,,,,
17:56:08,32.45,-9.73,-3.73,-1.69,10.55,6.09,,,,,,,,,,,,,,,,,,,,,
17:56:14,32.35,-9.69,-3.65,-1.65,10.48,6.05,,,,,,,,,,,,,,,,,,,,,
17:56:17,32.47,-9.69,-3.73,-1.57,10.50,6.06,,,,,,,,,,,,,,,,,,,,,
17:56:23,32.45,-9.73,-3.65,-1.53,10.50,6.06,,,,,,,,,,,,,,,,,,,,,
17:56:28,32.49,-9.73,-3.69,-1.57,10.52,6.07,,,,,,,,,,,,,,,,,,,,,
17:56:34,32.41,-9.77,-3.73,-1.69,10.59,6.11,,,,,,,,,,,,,,,,,,,,,
17:56:40,32.47,-9.69,-3.69,-1.73,10.51,6.07,,,,,,,,,,,,,,,,,,,,,
17:56:46,32.45,-9.73,-3.69,-1.73,10.55,6.09,,,,,,,,,,,,,,,,,,,,,
17:56:52,32.33,-9.73,-3.65,-1.69,10.53,6.08,,,,,,,,,,,,,,,,,,,,,
17:56:55,32.35,-9.77,-3.65,-1.69,10.56,6.10,,,,,,,,,,,,,,,,,,,,,
17:56:59,32.39,-9.73,-3.73,-1.65,10.55,6.09,,,,,,,,,,,,,,,,,,,,,
17:57:04,32.41,-9.81,-3.69,-1.65,10.61,6.12,,,,,,,,,,,,,,,,,,,,,
17:57:10,32.41,-9.77,-3.61,-1.73,10.56,6.09,,,,,,,,,,,,,,,,,,,,,
17:57:15,32.35,-9.77,-3.69,-1.61,10.56,6.10,,,,,,,,,,,,,,,,,,,,,
17:57:20,32.41,-9.73,-3.69,-1.69,10.54,6.09,,,,,,,,,,,,,,,,,,,,,
17:57:24,32.27,-9.73,-3.65,-1.77,10.54,6.08,,,,,,,,,,,,,,,,,,,,,
17:57:30,32.25,-9.77,-3.69,-1.61,10.56,6.10,,,,,,,,,,,,,,,,,,,,,
17:57:35,32.19,-9.73,-3.65,-1.65,10.52,6.07,,,,,,,,,,,,,,,,,,,,,
17:57:39,32.19,-9.69,-3.69,-1.65,10.50,6.06,,,,,,,,,,,,,,,,,,,,,
17:57:44,32.21,-9.77,-3.65,-1.69,10.56,6.10,,,,,,,,,,,,,,,,,,,,,
17:57:47,32.25,-9.73,-3.69,-1.65,10.53,6.08,,,,,,,,,,,,,,,,,,,,,
17:57:51,32.27,-9.73,-3.69,-1.65,10.53,6.08,,,,,,,,,,,,,,,,,,,,,
17:57:57,32.25,-9.73,-3.65,-1.69,10.53,6.08,,,,,,,,,,,,,,,,,,,,,
17:58:01,32.25,-9.73,-3.69,-1.65,10.53,6.08,,,,,,,,,,,,,,,,,,,,,
17:58:05,32.27,-9.69,-3.65,-1.69,10.49,6.06,,,,,,,,,,,,,,,,,,,,,
17:58:09,32.27,-9.73,-3.69,-1.61,10.53,6.08,,,,,,,,,,,,,,,,,,,,,
17:58:14,32.27,-9.73,-3.69,-1.69,10.54,6.09,,,,,,,,,,,,,,,,,,,,,
17:58:18,32.21,-9.77,-3.65,-1.69,10.56,6.10,,,,,,,,,,,,,,,,,,,,,
17:58:23,32.13,-9.77,-3.65,-1.69,10.56,6.10,,,,,,,,,,,,,,,,,,,,,
17:58:27,32.17,-9.77,-3.69,-1.77,10.59,6.11,,,,,,,,,,,,,,,,,,,,,
17:58:31,32.21,-9.69,-3.69,-1.65,10.50,6.06,,,,,,,,,,,,,,,,,,,,,
17:58:34,32.17,-9.73,-3.69,-1.65,10.53,6.08,,,,,,,,,,,,,,,,,,,,,
17:58:37,32.17,-9.77,-3.69,-1.69,10.58,6.11,,,,,,,,,,,,,,,,,,,,,
17:58:41,32.13,-9.73,-3.69,-1.69,10.54,6.09,,,,,,,,,,,,,,,,,,,,,
17:58:45,32.13,-9.73,-3.69,-1.65,10.53,6.08,,,,,,,,,,,,,,,,,,,,,
17:58:49,32.05,-9.77,-3.65,-1.65,10.56,6.09,,,,,,,,,,,,,,,,,,,,,
17:58:52,32.17,-9.77,-3.65,-1.69,10.56,6.10,,,,,,,,,,,,,,,,,,,,,
17:58:56,32.13,-9.73,-3.69,-1.61,10.53,6.08,,,,,,,,,,,,,,,,,,,,,
17:58:59,32.13,-9.81,-3.69,-1.65,10.61,6.12,,,,,,,,,,,,,,,,,,,,,
17:59:07,32.21,-9.73,-3.69,-1.65,10.53,6.08,,,,,,,,,,,,,,,,,,,,,
17:59:10,32.21,-9.77,-3.65,-1.65,10.56,6.09,,,,,,,,,,,,,,,,,,,,,
17:59:14,32.19,-9.77,-3.69,-1.69,10.58,6.11,,,,,,,,,,,,,,,,,,,,,
17:59:17,32.27,-9.73,-3.69,-1.69,10.54,6.09,,,,,,,,,,,,,,,,,,,,,
17:59:21,32.17,-9.77,-3.53,-1.65,10.52,6.07,,,,,,,,,,,,,,,,,,,,,
17:59:26,32.19,-10.04,-3.61,-1.73,10.81,6.24,,,,,,,,,,,,,,,,,,,,,
17:59:30,32.19,-10.16,-3.77,-1.41,10.93,6.31,,,,,,,,,,,,,,,,,,,,,
17:59:37,32.17,-9.57,-4.04,-1.65,10.52,6.07,,,,,,,,,,,,,,,,,,,,,
17:59:41,32.19,-10.04,-3.57,-1.73,10.80,6.23,,,,,,,,,,,,,,,,,,,,,
17:59:44,32.17,-10.00,-3.65,-1.73,10.79,6.23,,,,,,,,,,,,,,,,,,,,,
17:59:48,32.33,-9.69,-3.61,-1.61,10.46,6.04,,,,,,,,,,,,,,,,,,,,,
17:59:53,32.31,-9.77,-3.69,-1.69,10.58,6.11,,,,,,,,,,,,,,,,,,,,,
17:59:57,32.31,-9.73,-3.65,-1.77,10.54,6.08,,,,,,,,,,,,,,,,,,,,,
18:00:00,32.33,-9.69,-3.65,-1.73,10.50,6.06,,,,,,,,,,,,,,,,,,,,,
18:00:06,32.33,-9.61,-3.77,-1.53,10.44,6.02,,,,,,,,,,,,,,,,,,,,,
18:00:12,32.33,-9.61,-4.04,-1.73,10.57,6.10,,,,,,,,,,,,,,,,,,,,,
18:00:18,32.31,-10.04,-3.65,-1.45,10.78,6.23,,,,,,,,,,,,,,,,,,,,,
18:00:24,32.33,-9.85,-4.24,-1.57,10.83,6.25,,,,,,,,,,,,,,,,,,,,,
18:00:29,32.21,-10.04,-3.49,-1.61,10.75,6.21,,,,,,,,,,,,,,,,,,,,,
18:00:37,32.31,-10.40,-3.22,-1.73,11.02,6.36,,,,,,,,,,,,,,,,,,,,,
18:00:42,32.27,-10.28,-2.82,-1.73,10.80,6.23,,,,,,,,,,,,,,,,,,,,,
18:00:48,32.33,-9.57,-3.53,-1.65,10.33,5.97,,,,,,,,,,,,,,,,,,,,,
18:00:54,32.31,-9.65,-3.69,-1.61,10.46,6.04,,,,,,,,,,,,,,,,,,,,,
18:01:00,32.21,-10.43,-3.41,-1.77,11.12,6.42,,,,,,,,,,,,,,,,,,,,,
18:01:05,32.31,-10.36,-3.37,-1.57,11.00,6.35,,,,,,,,,,,,,,,,,,,,,
18:01:11,32.25,-10.12,-3.81,-1.65,10.94,6.31,,,,,,,,,,,,,,,,,,,,,
18:01:16,32.27,-9.18,-4.00,-1.41,10.11,5.84,,,,,,,,,,,,,,,,,,,,,
18:01:22,33.49,-9.77,-3.57,-1.57,10.52,6.07,,,,,,,,,,,,,,,,,,,,,
18:01:27,36.25,-10.00,-3.69,-1.69,10.79,6.23,,,,,,,,,,,,,,,,,,,,,
18:01:33,38.85,-9.77,-3.49,-1.77,10.52,6.08,,,,,,,,,,,,,,,,,,,,,
18:01:38,36.13,-9.57,-4.24,-1.53,10.58,6.11,,,,,,,,,,,,,,,,,,,,,
18:01:43,37.05,-9.69,-3.69,-1.61,10.49,6.06,,,,,,,,,,,,,,,,,,,,,
18:01:49,36.55,-9.77,-3.65,-1.65,10.56,6.09,,,,,,,,,,,,,,,,,,,,,
18:01:54,32.69,-9.73,-3.69,-1.69,10.54,6.09,,,,,,,,,,,,,,,,,,,,,
18:02:00,32.25,-9.73,-3.69,-1.69,10.54,6.09,,,,,,,,,,,,,,,,,,,,,
18:02:06,32.21,-9.81,-3.65,-1.69,10.60,6.12,,,,,,,,,,,,,,,,,,,,,
18:02:11,32.17,-9.69,-3.69,-1.69,10.50,6.06,,,,,,,,,,,,,,,,,,,,,
18:02:17,32.03,-9.77,-3.65,-1.65,10.56,6.09,,,,,,,,,,,,,,,,,,,,,
18:02:21,32.09,-9.77,-3.65,-1.65,10.56,6.09,,,,,,,,,,,,,,,,,,,,,
18:02:26,32.13,-9.73,-3.69,-1.61,10.53,6.08,,,,,,,,,,,,,,,,,,,,,
18:02:30,32.13,-9.73,-3.61,-1.69,10.51,6.07,,,,,,,,,,,,,,,,,,,,,
18:02:33,32.09,-9.77,-3.65,-1.57,10.54,6.09,,,,,,,,,,,,,,,,,,,,,
18:02:39,32.19,-9.73,-3.73,-1.69,10.55,6.09,,,,,,,,,,,,,,,,,,,,,
18:02:45,32.09,-9.65,-3.73,-1.53,10.46,6.04,,,,,,,,,,,,,,,,,,,,,
18:02:50,32.05,-9.18,-4.63,-1.18,10.35,5.97,,,,,,,,,,,,,,,,,,,,,
18:03:02,32.13,-9.57,-3.30,-1.84,10.29,5.94,,,,,,,,,,,,,,,,,,,,,
18:03:05,32.25,-9.49,-3.57,-1.61,10.27,5.93,,,,,,,,,,,,,,,,,,,,,
18:03:10,32.25,-9.49,-3.77,-1.65,10.35,5.97,,,,,,,,,,,,,,,,,,,,,
18:03:16,32.21,-9.81,-3.69,-1.57,10.59,6.12,,,,,,,,,,,,,,,,,,,,,
18:03:22,32.21,-9.85,-3.57,-1.41,10.57,6.10,,,,,,,,,,,,,,,,,,,,,
18:03:27,32.19,-9.14,-4.39,-1.41,10.24,5.91,,,,,,,,,,,,,,,,,,,,,
18:03:33,32.17,-9.73,-4.00,-1.61,10.64,6.14,,,,,,,,,,,,,,,,,,,,,
18:03:37,32.17,-9.69,-3.81,-1.49,10.52,6.07,,,,,,,,,,,,,,,,,,,,,
18:03:41,31.29,-9.30,-3.96,-1.61,10.23,5.91,,,,,,,,,,,,,,,,,,,,,
18:05:04,32.45,-9.65,-3.69,-1.69,10.47,6.04,,,,,,,,,,,,,,,,,,,,,
18:05:09,32.53,-9.77,-3.69,-1.69,10.58,6.11,,,,,,,,,,,,,,,,,,,,,
18:05:15,32.41,-9.73,-3.65,-1.65,10.52,6.07,,,,,,,,,,,,,,,,,,,,,
18:05:21,32.31,-9.73,-3.69,-1.57,10.52,6.07,,,,,,,,,,,,,,,,,,,,,
18:05:26,32.19,-9.77,-3.65,-1.69,10.56,6.10,,,,,,,,,,,,,,,,,,,,,
18:05:32,32.13,-9.77,-3.69,-1.65,10.57,6.10,,,,,,,,,,,,,,,,,,,,,
18:05:37,32.13,-9.73,-3.65,-1.69,10.53,6.08,,,,,,,,,,,,,,,,,,,,,
18:05:41,32.11,-9.77,-3.61,-1.65,10.54,6.09,,,,,,,,,,,,,,,,,,,,,
18:05:47,32.13,-9.73,-3.69,-1.65,10.53,6.08,,,,,,,,,,,,,,,,,,,,,
18:05:54,32.17,-9.77,-3.65,-1.65,10.56,6.09,,,,,,,,,,,,,,,,,,,,,
18:05:59,32.13,-9.73,-3.69,-1.65,10.53,6.08,,,,,,,,,,,,,,,,,,,,,
18:06:06,32.13,-9.73,-3.69,-1.61,10.53,6.08,,,,,,,,,,,,,,,,,,,,,
18:06:10,32.13,-9.69,-3.69,-1.69,10.50,6.06,,,,,,,,,,,,,,,,,,,,,
18:06:14,32.21,-9.69,-3.69,-1.61,10.49,6.06,,,,,,,,,,,,,,,,,,,,,
18:06:18,32.09,-9.73,-3.73,-1.73,10.56,6.10,,,,,,,,,,,,,,,,,,,,,
18:06:22,32.05,-9.73,-3.69,-1.65,10.53,6.08,,,,,,,,,,,,,,,,,,,,,
18:06:26,32.11,-9.73,-3.65,-1.73,10.53,6.08,,,,,,,,,,,,,,,,,,,,,
18:06:30,31.99,-9.57,-3.77,-1.61,10.41,6.01,,,,,,,,,,,,,,,,,,,,,
18:06:35,32.05,-10.00,-3.45,-1.69,10.72,6.19,,,,,,,,,,,,,,,,,,,,,
18:06:39,32.05,-9.49,-3.92,-1.53,10.39,6.00,,,,,,,,,,,,,,,,,,,,,
18:06:42,32.05,-9.57,-3.81,-1.57,10.42,6.02,,,,,,,,,,,,,,,,,,,,,
18:06:46,32.03,-9.53,-3.61,-1.61,10.32,5.96,,,,,,,,,,,,,,,,,,,,,
18:06:49,32.17,-9.77,-3.33,-1.77,10.47,6.05,,,,,,,,,,,,,,,,,,,,,
18:06:53,32.13,-9.65,-3.69,-1.77,10.48,6.05,,,,,,,,,,,,,,,,,,,,,
18:06:59,32.19,-10.04,-3.57,-1.69,10.79,6.23,,,,,,,,,,,,,,,,,,,,,
18:07:05,32.17,-10.12,-3.45,-1.88,10.86,6.27,,,,,,,,,,,,,,,,,,,,,
18:07:11,32.17,-9.61,-3.41,-1.73,10.34,5.97,,,,,,,,,,,,,,,,,,,,,
18:07:16,32.11,-9.69,-3.69,-1.69,10.50,6.06,,,,,,,,,,,,,,,,,,,,,
18:07:22,32.13,-9.73,-3.84,-1.61,10.58,6.11,,,,,,,,,,,,,,,,,,,,,
18:07:28,32.05,-9.69,-3.53,-1.49,10.42,6.02,,,,,,,,,,,,,,,,,,,,,
18:07:33,32.13,-9.85,-3.84,-1.65,10.70,6.18,,,,,,,,,,,,,,,,,,,,,
18:07:37,32.13,-9.92,-3.10,-1.80,10.55,6.09,,,,,,,,,,,,,,,,,,,,,
18:07:41,32.09,-9.77,-3.65,-1.77,10.58,6.11,,,,,,,,,,,,,,,,,,,,,
18:07:47,32.17,-9.77,-4.71,-1.41,10.93,6.31,,,,,,,,,,,,,,,,,,,,,
18:07:53,32.13,-9.61,-3.65,-1.69,10.42,6.01,,,,,,,,,,,,,,,,,,,,,
18:07:56,32.03,-9.45,-3.81,-1.61,10.32,5.96,,,,,,,,,,,,,,,,,,,,,
18:08:00,32.11,-9.65,-3.96,-1.37,10.52,6.08,,,,,,,,,,,,,,,,,,,,,
18:08:05,32.09,-10.00,-3.26,-1.73,10.66,6.16,,,,,,,,,,,,,,,,,,,,,
18:08:09,32.13,-9.14,-3.77,-1.57,10.01,5.78,,,,,,,,,,,,,,,,,,,,,
18:08:13,32.11,-10.00,-3.88,-1.57,10.84,6.26,,,,,,,,,,,,,,,,,,,,,
18:12:47,31.95,-9.77,-3.69,-1.69,10.58,6.11,,,,,,,,,,,,,,,,,,,,,
18:12:52,32.05,-9.77,-3.65,-1.61,10.55,6.09,,,,,,,,,,,,,,,,,,,,,
18:12:58,31.97,-9.77,-3.65,-1.69,10.56,6.10,,,,,,,,,,,,,,,,,,,,,
18:13:03,32.03,-9.77,-3.65,-1.73,10.57,6.10,,,,,,,,,,,,,,,,,,,,,
18:13:08,32.03,-9.73,-3.81,-1.61,10.57,6.10,,,,,,,,,,,,,,,,,,,,,
18:13:14,32.03,-9.65,-3.73,-1.65,10.48,6.05,,,,,,,,,,,,,,,,,,,,,
18:13:20,32.03,-9.81,-4.04,-1.61,10.73,6.19,,,,,,,,,,,,,,,,,,,,,
18:13:25,32.05,-9.61,-3.69,-1.73,10.44,6.03,,,,,,,,,,,,,,,,,,,,,
18:13:30,32.11,-9.45,-3.53,-1.61,10.22,5.90,,,,,,,,,,,,,,,,,,,,,
18:13:35,32.03,-9.77,-3.81,-1.53,10.59,6.12,,,,,,,,,,,,,,,,,,,,,
18:13:42,32.11,-9.65,-3.96,-1.45,10.53,6.08,,,,,,,,,,,,,,,,,,,,,
18:13:47,32.13,-9.49,-3.57,-1.57,10.26,5.93,,,,,,,,,,,,,,,,,,,,,
18:13:53,32.13,-9.81,-3.18,-1.84,10.47,6.05,,,,,,,,,,,,,,,,,,,,,
18:13:59,32.17,-9.85,-2.86,-1.84,10.42,6.02,,,,,,,,,,,,,,,,,,,,,
18:14:05,32.13,-10.04,-3.84,-1.65,10.88,6.28,,,,,,,,,,,,,,,,,,,,,
18:14:11,32.13,-9.57,-3.92,-1.53,10.46,6.04,,,,,,,,,,,,,,,,,,,,,
18:14:16,32.09,-9.85,-3.81,-1.61,10.68,6.17,,,,,,,,,,,,,,,,,,,,,
18:14:21,32.13,-9.65,-3.53,-1.77,10.43,6.02,,,,,,,,,,,,,,,,,,,,,
18:14:27,32.13,-9.73,-3.14,-1.65,10.35,5.98,,,,,,,,,,,,,,,,,,,,,
18:14:31,32.09,-9.89,-3.65,-1.61,10.66,6.15,,,,,,,,,,,,,,,,,,,,,
18:14:36,32.17,-10.08,-3.73,-1.65,10.87,6.28,,,,,,,,,,,,,,,,,,,,,
18:14:42,32.13,-9.53,-3.69,-1.53,10.33,5.97,,,,,,,,,,,,,,,,,,,,,
18:14:47,32.17,-9.81,-3.14,-1.69,10.43,6.02,,,,,,,,,,,,,,,,,,,,,
18:14:51,32.17,-10.04,-3.96,-1.61,10.91,6.30,,,,,,,,,,,,,,,,,,,,,
18:14:56,32.13,-9.69,-3.81,-1.65,10.54,6.09,,,,,,,,,,,,,,,,,,,,,
18:15:00,32.19,-9.81,-3.84,-1.65,10.66,6.16,,,,,,,,,,,,,,,,,,,,,
18:15:04,32.03,-9.89,-4.16,-1.57,10.84,6.26,,,,,,,,,,,,,,,,,,,,,
18:15:12,32.13,-10.20,-3.69,-1.80,10.99,6.35,,,,,,,,,,,,,,,,,,,,,
18:15:18,32.17,-9.69,-3.96,-1.57,10.59,6.11,,,,,,,,,,,,,,,,,,,,,
18:17:07,32.09,-9.77,-3.69,-1.61,10.56,6.10,,,,,,,,,,,,,,,,,,,,,
18:17:11,32.17,-9.77,-3.69,-1.69,10.58,6.11,,,,,,,,,,,,,,,,,,,,,
18:17:15,32.09,-9.77,-3.73,-1.69,10.59,6.11,,,,,,,,,,,,,,,,,,,,,
18:17:18,32.11,-9.77,-3.65,-1.65,10.56,6.09,,,,,,,,,,,,,,,,,,,,,
18:17:24,32.13,-9.77,-3.69,-1.61,10.56,6.10,,,,,,,,,,,,,,,,,,,,,
18:17:30,32.17,-9.69,-3.57,-1.69,10.46,6.04,,,,,,,,,,,,,,,,,,,,,
18:17:35,32.11,-9.69,-3.81,-1.65,10.54,6.09,,,,,,,,,,,,,,,,,,,,,
18:17:38,32.11,-9.77,-2.98,-1.80,10.37,5.99,,,,,,,,,,,,,,,,,,,,,
18:17:42,32.11,-9.57,-2.94,-1.73,10.16,5.87,,,,,,,,,,,,,,,,,,,,,
18:17:48,32.17,-9.89,-3.45,-1.69,10.61,6.12,,,,,,,,,,,,,,,,,,,,,
18:17:56,32.17,-9.57,-4.20,-1.37,10.54,6.09,,,,,,,,,,,,,,,,,,,,,
18:18:01,32.19,-9.61,-3.81,-1.45,10.44,6.03,,,,,,,,,,,,,,,,,,,,,
18:18:04,32.25,-9.73,-3.81,-1.69,10.58,6.11,,,,,,,,,,,,,,,,,,,,,
18:18:10,32.13,-9.96,-3.37,-1.84,10.68,6.17,,,,,,,,,,,,,,,,,,,,,
18:18:16,31.67,-9.89,-4.00,-1.49,10.77,6.22,,,,,,,,,,,,,,,,,,,,,
18:18:25,38.37,-9.65,-3.18,-1.65,10.29,5.94,,,,,,,,,,,,,,,,,,,,,
18:20:22,32.45,-9.81,-3.65,-1.65,10.59,6.12,,,,,,,,,,,,,,,,,,,,,
18:20:27,32.45,-9.69,-3.65,-1.65,10.48,6.05,,,,,,,,,,,,,,,,,,,,,
18:20:31,32.47,-9.73,-3.81,-1.69,10.58,6.11,,,,,,,,,,,,,,,,,,,,,
18:20:35,32.45,-10.20,-3.22,-1.80,10.85,6.26,,,,,,,,,,,,,,,,,,,,,
18:20:38,32.47,-9.53,-3.69,-1.49,10.33,5.96,,,,,,,,,,,,,,,,,,,,,
18:20:44,32.41,-9.89,-3.77,-1.65,10.71,6.18,,,,,,,,,,,,,,,,,,,,,
18:20:53,32.45,-9.61,-3.69,-1.65,10.43,6.02,,,,,,,,,,,,,,,,,,,,,
18:20:56,32.41,-9.89,-3.73,-1.69,10.70,6.18,,,,,,,,,,,,,,,,,,,,,
18:21:00,32.41,-9.57,-3.53,-1.73,10.35,5.97,,,,,,,,,,,,,,,,,,,,,
18:21:06,32.41,-9.61,-3.61,-1.65,10.40,6.00,,,,,,,,,,,,,,,,,,,,,
18:21:12,32.53,-9.73,-3.61,-1.73,10.52,6.07,,,,,,,,,,,,,,,,,,,,,
18:21:17,32.39,-9.85,-3.84,-1.77,10.72,6.19,,,,,,,,,,,,,,,,,,,,,
18:21:23,32.47,-9.92,-3.18,-1.84,10.58,6.11,,,,,,,,,,,,,,,,,,,,,
18:21:29,32.45,-9.41,-4.16,-1.45,10.39,6.00,,,,,,,,,,,,,,,,,,,,,
18:21:34,32.41,-9.77,-3.53,-1.77,10.54,6.08,,,,,,,,,,,,,,,,,,,,,
18:21:40,32.45,-9.85,-4.08,-1.53,10.77,6.22,,,,,,,,,,,,,,,,,,,,,
18:21:47,32.35,-9.49,-3.22,-1.73,10.17,5.87,,,,,,,,,,,,,,,,,,,,,
18:21:50,32.69,-9.96,-3.49,-1.57,10.67,6.16,,,,,,,,,,,,,,,,,,,,,
18:21:53,32.41,-9.81,-3.33,-1.73,10.50,6.06,,,,,,,,,,,,,,,,,,,,,
18:21:57,31.77,-9.45,-3.65,-1.53,10.25,5.92,,,,,,,,,,,,,,,,,,,,,
18:22:03,33.17,-9.57,-3.57,-1.57,10.34,5.97,,,,,,,,,,,,,,,,,,,,,
18:22:08,33.63,-9.73,-4.00,-1.49,10.62,6.13,,,,,,,,,,,,,,,,,,,,,
18:22:14,34.61,-9.38,-4.51,-1.41,10.50,6.06,,,,,,,,,,,,,,,,,,,,,
18:22:19,36.63,-9.89,-3.49,-1.65,10.61,6.13,,,,,,,,,,,,,,,,,,,,,
18:22:22,39.13,-9.81,-3.37,-1.80,10.53,6.08,,,,,,,,,,,,,,,,,,,,,
18:22:28,39.03,-9.57,-4.00,-1.49,10.48,6.05,,,,,,,,,,,,,,,,,,,,,
18:22:35,40.79,-9.18,-3.37,-1.69,9.92,5.73,,,,,,,,,,,,,,,,,,,,,
18:22:40,38.63,-9.96,-3.77,-1.61,10.77,6.22,,,,,,,,,,,,,,,,,,,,,
18:22:46,38.95,-9.61,-3.88,-1.57,10.48,6.05,,,,,,,,,,,,,,,,,,,,,
18:22:51,32.63,-9.65,-3.69,-1.69,10.47,6.04,,,,,,,,,,,,,,,,,,,,,
18:22:57,32.53,-9.77,-3.65,-1.65,10.56,6.09,,,,,,,,,,,,,,,,,,,,,
18:23:03,32.41,-9.69,-3.73,-1.61,10.51,6.07,,,,,,,,,,,,,,,,,,,,,
18:23:09,32.45,-9.73,-3.69,-1.61,10.53,6.08,,,,,,,,,,,,,,,,,,,,,
18:23:14,32.41,-9.73,-3.69,-1.61,10.53,6.08,,,,,,,,,,,,,,,,,,,,,
18:23:20,32.35,-9.77,-3.65,-1.61,10.55,6.09,,,,,,,,,,,,,,,,,,,,,
18:23:26,32.35,-9.73,-3.65,-1.57,10.51,6.07,,,,,,,,,,,,,,,,,,,,,
18:23:31,32.33,-9.61,-3.69,-1.61,10.42,6.02,,,,,,,,,,,,,,,,,,,,,
18:23:39,32.35,-9.81,-3.77,-1.53,10.62,6.13,,,,,,,,,,,,,,,,,,,,,
18:23:43,32.31,-9.77,-3.41,-1.77,10.50,6.06,,,,,,,,,,,,,,,,,,,,,
18:23:49,32.33,-10.20,-3.65,-1.41,10.92,6.31,,,,,,,,,,,,,,,,,,,,,
18:23:54,32.35,-9.69,-3.65,-1.53,10.47,6.04,,,,,,,,,,,,,,,,,,,,,
18:23:58,32.27,-9.45,-3.45,-1.69,10.20,5.89,,,,,,,,,,,,,,,,,,,,,
18:24:04,32.31,-9.49,-3.45,-1.65,10.23,5.91,,,,,,,,,,,,,,,,,,,,,
18:24:09,32.33,-10.32,-3.41,-1.69,11.00,6.35,,,,,,,,,,,,,,,,,,,,,
18:24:14,32.35,-9.85,-3.92,-1.61,10.72,6.19,,,,,,,,,,,,,,,,,,,,,
18:24:20,32.31,-9.92,-3.61,-1.73,10.70,6.18,,,,,,,,,,,,,,,,,,,,,
18:24:26,32.31,-9.77,-3.88,-1.61,10.63,6.14,,,,,,,,,,,,,,,,,,,,,
18:24:32,32.27,-9.77,-3.61,-1.65,10.54,6.09,,,,,,,,,,,,,,,,,,,,,
18:24:37,32.67,-9.41,-3.18,-1.77,10.09,5.83,,,,,,,,,,,,,,,,,,,,,
18:24:43,31.91,-9.49,-4.08,-1.57,10.45,6.03,,,,,,,,,,,,,,,,,,,,,
18:24:46,31.69,-9.65,-3.73,-1.61,10.47,6.04,,,,,,,,,,,,,,,,,,,,,
18:24:53,32.13,-9.38,-3.61,-1.53,10.16,5.87,,,,,,,,,,,,,,,,,,,,,
18:24:58,31.95,-9.22,-2.94,-1.77,9.84,5.68,,,,,,,,,,,,,,,,,,,,,
18:25:02,31.83,-9.69,-4.16,-1.45,10.64,6.15,,,,,,,,,,,,,,,,,,,,,
18:25:07,33.71,-9.53,-3.88,-1.33,10.38,5.99,,,,,,,,,,,,,,,,,,,,,
18:25:13,35.01,-9.10,-4.08,-1.41,10.07,5.82,,,,,,,,,,,,,,,,,,,,,
18:25:19,34.97,-9.34,-3.18,-1.57,9.99,5.77,,,,,,,,,,,,,,,,,,,,,
18:25:25,36.09,-9.53,-3.30,-1.69,10.23,5.90,,,,,,,,,,,,,,,,,,,,,
18:25:35,40.01,-9.57,-4.00,-1.45,10.48,6.05,,,,,,,,,,,,,,,,,,,,,
18:25:34,35.91,-9.65,-3.65,-1.69,10.45,6.04,,,,,,,,,,,,,,,,,,,,,
18:25:39,37.33,-9.65,-4.00,-1.49,10.55,6.09,,,,,,,,,,,,,,,,,,,,,
18:25:45,38.61,-9.49,-4.32,-1.57,10.55,6.09,,,,,,,,,,,,,,,,,,,,,
18:25:50,32.17,-8.94,-3.96,-1.41,9.88,5.71,,,,,,,,,,,,,,,,,,,,,
18:25:56,32.05,-9.85,-3.45,-1.73,10.58,6.11,,,,,,,,,,,,,,,,,,,,,
18:26:02,32.09,-9.73,-3.65,-1.65,10.52,6.07,,,,,,,,,,,,,,,,,,,,,
18:26:08,32.03,-9.69,-3.69,-1.61,10.49,6.06,,,,,,,,,,,,,,,,,,,,,
18:26:11,31.95,-9.77,-3.65,-1.69,10.56,6.10,,,,,,,,,,,,,,,,,,,,,
18:26:14,32.05,-9.77,-3.65,-1.57,10.54,6.09,,,,,,,,,,,,,,,,,,,,,
18:26:18,31.95,-9.73,-3.69,-1.57,10.52,6.07,,,,,,,,,,,,,,,,,,,,,
18:26:24,31.91,-9.77,-3.69,-1.69,10.58,6.11,,,,,,,,,,,,,,,,,,,,,
18:26:59,31.97,-9.61,-3.81,-1.57,10.46,6.04,,,,,,,,,,,,,,,,,,,,,
18:27:03,31.85,-9.81,-4.08,-1.49,10.73,6.19,,,,,,,,,,,,,,,,,,,,,
18:27:09,31.95,-9.61,-4.00,-1.57,10.53,6.08,,,,,,,,,,,,,,,,,,,,,
18:27:15,31.89,-9.41,-3.37,-1.65,10.14,5.85,,,,,,,,,,,,,,,,,,,,,
18:27:20,31.83,-9.69,-3.49,-1.73,10.44,6.03,,,,,,,,,,,,,,,,,,,,,
18:27:24,31.97,-10.08,-3.84,-1.61,10.91,6.30,,,,,,,,,,,,,,,,,,,,,
18:27:30,31.83,-9.89,-4.51,-1.69,11.00,6.35,,,,,,,,,,,,,,,,,,,,,
18:27:36,31.81,-9.45,-3.84,-1.53,10.32,5.96,,,,,,,,,,,,,,,,,,,,,
18:27:43,30.99,-9.53,-4.00,-1.65,10.47,6.04,,,,,,,,,,,,,,,,,,,,,
18:29:39,32.49,-9.77,-3.77,-1.61,10.59,6.12,,,,,,,,,,,,,,,,,,,,,
18:29:43,32.53,-9.69,-3.92,-1.41,10.55,6.09,,,,,,,,,,,,,,,,,,,,,
18:29:51,32.53,-10.24,-3.45,-1.53,10.91,6.30,,,,,,,,,,,,,,,,,,,,,
18:29:57,32.55,-9.53,-3.81,-1.57,10.38,5.99,,,,,,,,,,,,,,,,,,,,,
18:30:07,32.59,-9.49,-3.57,-1.57,10.26,5.93,,,,,,,,,,,,,,,,,,,,,
18:30:12,32.53,-9.77,-3.77,-1.57,10.59,6.11,,,,,,,,,,,,,,,,,,,,,
18:30:16,32.55,-9.77,-3.65,-1.61,10.55,6.09,,,,,,,,,,,,,,,,,,,,,
18:30:22,32.49,-9.77,-3.65,-1.57,10.54,6.09,,,,,,,,,,,,,,,,,,,,,
18:30:28,32.45,-9.73,-3.69,-1.73,10.55,6.09,,,,,,,,,,,,,,,,,,,,,
18:30:33,32.47,-9.69,-3.65,-1.69,10.49,6.06,,,,,,,,,,,,,,,,,,,,,
18:30:37,32.45,-9.77,-3.73,-1.65,10.58,6.11,,,,,,,,,,,,,,,,,,,,,
18:30:41,32.41,-9.77,-3.73,-1.69,10.59,6.11,,,,,,,,,,,,,,,,,,,,,
18:30:45,32.41,-9.73,-3.69,-1.65,10.53,6.08,,,,,,,,,,,,,,,,,,,,,
18:30:50,32.45,-9.73,-3.69,-1.57,10.52,6.07,,,,,,,,,,,,,,,,,,,,,
18:30:54,32.41,-9.73,-3.65,-1.65,10.52,6.07,,,,,,,,,,,,,,,,,,,,,
18:30:59,32.41,-9.69,-3.69,-1.65,10.50,6.06,,,,,,,,,,,,,,,,,,,,,
18:31:03,32.41,-9.77,-3.53,-1.73,10.53,6.08,,,,,,,,,,,,,,,,,,,,,
18:31:06,32.41,-9.89,-3.61,-1.53,10.63,6.14,,,,,,,,,,,,,,,,,,,,,
18:31:12,32.39,-9.81,-3.69,-1.65,10.61,6.12,,,,,,,,,,,,,,,,,,,,,
18:31:16,32.45,-9.65,-3.45,-1.65,10.38,5.99,,,,,,,,,,,,,,,,,,,,,
18:31:21,32.49,-9.77,-3.92,-1.57,10.64,6.14,,,,,,,,,,,,,,,,,,,,,
18:31:25,32.47,-9.57,-3.81,-1.69,10.44,6.03,,,,,,,,,,,,,,,,,,,,,
18:31:30,32.53,-9.73,-3.69,-1.65,10.53,6.08,,,,,,,,,,,,,,,,,,,,,
18:31:34,32.47,-9.61,-3.77,-1.53,10.44,6.02,,,,,,,,,,,,,,,,,,,,,
18:31:40,32.45,-9.69,-3.33,-1.77,10.40,6.00,,,,,,,,,,,,,,,,,,,,,
18:31:45,32.35,-9.53,-3.84,-1.65,10.41,6.01,,,,,,,,,,,,,,,,,,,,,
18:32:10,33.85,-9.81,-4.51,-1.61,10.91,6.30,,,,,,,,,,,,,,,,,,,,,
18:32:27,38.01,-9.53,-3.81,-1.49,10.37,5.99,,,,,,,,,,,,,,,,,,,,,
18:32:31,43.07,-9.85,-3.49,-1.84,10.61,6.13,,,,,,,,,,,,,,,,,,,,,
18:32:37,39.63,-9.61,-3.88,-1.53,10.48,6.05,,,,,,,,,,,,,,,,,,,,,
18:32:42,32.27,-9.77,-3.49,-1.73,10.52,6.07,,,,,,,,,,,,,,,,,,,,,
18:32:48,32.19,-10.20,-3.30,-1.88,10.88,6.28,,,,,,,,,,,,,,,,,,,,,
18:32:55,32.13,-9.96,-2.71,-1.88,10.50,6.06,,,,,,,,,,,,,,,,,,,,,
18:32:58,32.03,-9.69,-3.65,-1.61,10.48,6.05,,,,,,,,,,,,,,,,,,,,,
18:33:07,32.11,-9.69,-3.65,-1.73,10.50,6.06,,,,,,,,,,,,,,,,,,,,,
18:33:09,31.99,-9.77,-3.69,-1.61,10.56,6.10,,,,,,,,,,,,,,,,,,,,,
18:33:15,32.09,-9.69,-3.65,-1.65,10.48,6.05,,,,,,,,,,,,,,,,,,,,,
18:33:21,32.05,-9.69,-3.65,-1.73,10.50,6.06,,,,,,,,,,,,,,,,,,,,,
18:33:27,32.03,-9.85,-3.65,-1.61,10.62,6.13,,,,,,,,,,,,,,,,,,,,,
18:33:32,31.97,-9.18,-3.96,-1.57,10.12,5.84,,,,,,,,,,,,,,,,,,,,,
18:33:41,31.95,-9.69,-3.37,-1.73,10.40,6.01,,,,,,,,,,,,,,,,,,,,,
18:33:45,31.97,-9.53,-3.88,-1.53,10.41,6.01,,,,,,,,,,,,,,,,,,,,,
18:33:50,32.03,-9.77,-3.53,-1.69,10.52,6.08,,,,,,,,,,,,,,,,,,,,,
18:33:54,31.89,-9.69,-3.92,-1.53,10.56,6.10,,,,,,,,,,,,,,,,,,,,,
18:34:00,32.03,-9.89,-3.81,-1.65,10.72,6.19,,,,,,,,,,,,,,,,,,,,,
18:34:07,31.95,-9.77,-3.61,-1.57,10.53,6.08,,,,,,,,,,,,,,,,,,,,,
18:34:12,32.03,-9.53,-4.04,-1.45,10.45,6.04,,,,,,,,,,,,,,,,,,,,,
18:34:17,31.99,-9.77,-3.45,-1.65,10.49,6.06,,,,,,,,,,,,,,,,,,,,,
18:34:27,31.89,-9.69,-3.77,-1.61,10.52,6.07,,,,,,,,,,,,,,,,,,,,,
18:36:17,32.47,-9.73,-3.65,-1.69,10.53,6.08,,,,,,,,,,,,,,,,,,,,,
18:36:22,32.49,-9.69,-3.73,-1.65,10.51,6.07,,,,,,,,,,,,,,,,,,,,,
18:36:26,32.55,-9.73,-3.65,-1.65,10.52,6.07,,,,,,,,,,,,,,,,,,,,,
18:37:33,32.47,-9.81,-3.81,-1.65,10.65,6.15,,,,,,,,,,,,,,,,,,,,,
18:37:38,31.19,-9.57,-3.92,-1.57,10.46,6.04,,,,,,,,,,,,,,,,,,,,,
18:37:49,31.49,-9.73,-3.77,-1.65,10.56,6.10,,,,,,,,,,,,,,,,,,,,,
18:37:55,31.75,-9.69,-3.61,-1.57,10.46,6.04,,,,,,,,,,,,,,,,,,,,,
18:38:00,31.99,-9.61,-3.84,-1.65,10.48,6.05,,,,,,,,,,,,,,,,,,,,,
18:38:04,31.91,-9.81,-3.77,-1.69,10.64,6.14,,,,,,,,,,,,,,,,,,,,,
18:38:09,31.71,-9.96,-3.41,-1.73,10.67,6.16,,,,,,,,,,,,,,,,,,,,,
18:39:05,32.47,-9.69,-3.69,-1.53,10.48,6.05,,,,,,,,,,,,,,,,,,,,,
18:39:09,32.49,-9.73,-3.69,-1.69,10.54,6.09,,,,,,,,,,,,,,,,,,,,,
18:39:49,32.39,-9.73,-3.69,-1.65,10.53,6.08,,,,,,,,,,,,,,,,,,,,,
18:39:52,32.39,-9.73,-3.69,-1.65,10.53,6.08,,,,,,,,,,,,,,,,,,,,,
18:39:58,32.35,-9.73,-3.69,-1.57,10.52,6.07,,,,,,,,,,,,,,,,,,,,,
18:40:03,32.41,-9.73,-3.73,-1.61,10.54,6.09,,,,,,,,,,,,,,,,,,,,,
18:40:07,32.41,-9.77,-3.65,-1.65,10.56,6.09,,,,,,,,,,,,,,,,,,,,,
18:40:11,32.35,-9.73,-3.73,-1.61,10.54,6.09,,,,,,,,,,,,,,,,,,,,,
18:40:23,32.41,-9.73,-3.69,-1.65,10.53,6.08,,,,,,,,,,,,,,,,,,,,,
18:43:56,32.05,-9.69,-3.69,-1.57,10.49,6.05,,,,,,,,,,,,,,,,,,,,,
18:44:29,32.11,-9.77,-3.73,-1.73,10.60,6.12,,,,,,,,,,,,,,,,,,,,,
18:44:35,32.11,-9.61,-3.69,-1.61,10.42,6.02,,,,,,,,,,,,,,,,,,,,,
18:44:41,31.99,-9.73,-3.69,-1.69,10.54,6.09,,,,,,,,,,,,,,,,,,,,,
18:46:44,31.61,-9.53,-3.84,-1.53,10.39,6.00,,,,,,,,,,,,,,,,,,,,,
18:46:50,31.35,-10.08,-3.84,-1.53,10.90,6.29,,,,,,,,,,,,,,,,,,,,,
18:46:53,31.39,-9.73,-4.00,-1.49,10.62,6.13,,,,,,,,,,,,,,,,,,,,,
18:46:59,31.49,-9.53,-4.00,-1.45,10.44,6.03,,,,,,,,,,,,,,,,,,,,,
18:47:11,32.45,-9.57,-3.02,-1.73,10.18,5.88,,,,,,,,,,,,,,,,,,,,,
18:47:17,32.59,-9.77,-3.10,-1.57,10.37,5.99,,,,,,,,,,,,,,,,,,,,,
18:47:22,34.15,-9.14,-3.69,-1.53,9.97,5.76,,,,,,,,,,,,,,,,,,,,,
18:47:28,36.07,-9.61,-4.39,-1.37,10.66,6.15,,,,,,,,,,,,,,,,,,,,,
18:47:34,36.41,-10.04,-4.28,-1.14,10.97,6.34,,,,,,,,,,,,,,,,,,,,,
18:50:37,31.55,-9.69,-3.69,-1.61,10.49,6.06,,,,,,,,,,,,,,,,,,,,,
18:54:23,32.03,-9.69,-3.65,-1.45,10.45,6.04,,, ,,,,,,,,,,,,,,,,,,
18:54:28,32.09,-9.73,-3.69,-1.61,10.53,6.08,,,,,,,,,,,,,,,,,,,,,
18:54:32,32.05,-9.77,-3.73,-1.61,10.58,6.11,,,,,,,,,,,,,,,,,,,,,
18:54:38,31.97,-9.77,-3.69,-1.69,10.58,6.11,,,,,,,,,,,,,,,,,,,,,
18:54:43,31.99,-9.61,-4.04,-1.49,10.53,6.08,,,,,,,,,,,,,,,,,,,,,
18:54:48,32.05,-9.69,-3.41,-1.65,10.40,6.01,,,,,,,,,,,,,,,,,,,,,
18:54:54,32.13,-9.65,-3.61,-1.73,10.45,6.03,,,,,,,,,,,,,,,,,,,,,
18:54:57,32.13,-9.69,-3.92,-1.49,10.56,6.10,,,,,,,,,,,,,,,,,,,,,
18:55:03,32.13,-9.45,-3.92,-1.57,10.36,5.98,,,,,,,,,,,,,,,,,,,,,
18:55:06,32.09,-9.45,-3.69,-1.65,10.28,5.94,,,,,,,,,,,,,,,,,,,,,
18:55:12,32.05,-9.61,-3.65,-1.61,10.41,6.01,,,,,,,,,,,,,,,,,,,,,
18:55:18,32.11,-9.61,-4.16,-1.37,10.56,6.10,,,,,,,,,,,,,,,,,,,,,
18:55:22,32.13,-10.04,-3.49,-1.65,10.76,6.21,,,,,,,,,,,,,,,,,,,,,
18:55:27,32.17,-9.69,-3.81,-1.45,10.51,6.07,,,,,,,,,,,,,,,,,,,,,
18:55:31,30.67,-9.53,-3.73,-1.49,10.34,5.97,,,,,,,,,,,,,,,,,,,,,
18:55:49,31.69,-9.22,-3.45,-1.65,9.98,5.76,,,,,,,,,,,,,,,,,,,,,
18:55:53,31.35,-9.45,-3.69,-1.57,10.27,5.93,,,,,,,,,,,,,,,,,,,,,
18:55:57,31.47,-9.96,-3.49,-1.45,10.66,6.15,,,,,,,,,,,,,,,,,,,,,
18:56:01,31.39,-9.73,-4.00,-1.53,10.63,6.14,,,,,,,,,,,,,,,,,,,,,
18:56:06,31.25,-9.53,-3.73,-1.57,10.35,5.98,,,,,,,,,,,,,,,,,,,,,
18:56:09,31.49,-9.85,-3.45,-1.65,10.56,6.10,,,,,,,,,,,,,,,,,,,,,
18:56:14,32.71,-9.85,-3.30,-1.57,10.50,6.06,,,,,,,,,,,,,,,,,,,,,
18:56:22,33.49,-9.73,-3.49,-1.57,10.45,6.04,,,,,,,,,,,,,,,,,,,,,
18:56:25,35.63,-10.20,-3.37,-1.61,10.86,6.27,,,,,,,,,,,,,,,,,,,,,
18:56:31,34.33,-9.45,-3.92,-1.61,10.36,5.98,,,,,,,,,,,,,,,,,,,,,
18:56:35,39.45,-10.47,-3.92,-1.65,11.31,6.53,,,,,,,,,,,,,,,,,,,,,
18:56:39,37.49,-9.41,-3.88,-1.57,10.30,5.95,,,,,,,,,,,,,,,,,,,,,
18:56:43,40.11,-9.85,-4.28,-1.57,10.85,6.26,,,,,,,,,,,,,,,,,,,,,
18:56:47,37.45,-9.61,-3.65,-1.65,10.41,6.01,,,,,,,,,,,,,,,,,,,,,
18:56:51,39.05,-9.92,-3.69,-1.65,10.72,6.19,,,,,,,,,,,,,,,,,,,,,
18:56:56,36.81,-9.45,-3.26,-1.65,10.13,5.85,,,,,,,,,,,,,,,,,,,,,
18:57:00,37.13,-9.57,-4.04,-1.49,10.50,6.06,,,,,,,,,,,,,,,,,,,,,
18:57:04,31.29,-9.73,-3.88,-1.65,10.60,6.12,,,,,,,,,,,,,,,,,,,,,
18:57:07,31.63,-9.73,-3.73,-1.69,10.55,6.09,,,,,,,,,,,,,,,,,,,,,
18:57:13,31.77,-9.73,-3.73,-1.61,10.54,6.09,,,,,,,,,,,,,,,,,,,,,
18:57:20,31.07,-9.69,-3.73,-1.61,10.51,6.07,,,,,,,,,,,,,,,,,,,,,
18:57:24,31.19,-9.77,-3.65,-1.61,10.55,6.09,,,,,,,,,,,,,,,,,,,,,
18:57:33,31.01,-9.73,-3.69,-1.61,10.53,6.08,,,,,,,,,,,,,,,,,,,,,
18:57:37,31.05,-9.69,-3.73,-1.69,10.52,6.07,,,,,,,,,,,,,,,,,,,,,
18:57:42,30.91,-9.65,-3.65,-1.53,10.43,6.02,,,,,,,,,,,,,,,,,,,,,
18:57:47,30.99,-9.30,-4.16,-1.37,10.28,5.93,,,,,,,,,,,,,,,,,,,,,
18:57:51,31.01,-9.69,-3.06,-1.84,10.33,5.96,,,,,,,,,,,,,,,,,,,,,
18:57:57,31.07,-9.69,-3.65,-1.53,10.47,6.04,,,,,,,,,,,,,,,,,,,,,
18:58:00,30.97,-9.61,-4.00,-1.33,10.50,6.06,,,,,,,,,,,,,,,,,,,,,
18:58:06,30.91,-9.89,-4.00,-1.53,10.77,6.22,,,,,,,,,,,,,,,,,,,,,
18:58:11,31.07,-9.77,-3.57,-1.65,10.53,6.08,,,,,,,,,,,,,,,,,,,,,
18:58:17,31.11,-10.00,-3.96,-1.49,10.86,6.27,,,,,,,,,,,,,,,,,,,,,
18:58:21,30.91,-10.08,-3.49,-1.61,10.79,6.23,,,,,,,,,,,,,,,,,,,,,
18:58:25,31.05,-9.69,-3.53,-1.53,10.43,6.02,,,,,,,,,,,,,,,,,,,,,
18:58:28,31.01,-9.57,-4.08,-1.53,10.52,6.07,,,,,,,,,,,,,,,,,,,,,
18:58:32,31.13,-9.53,-3.53,-1.69,10.30,5.95,,,,,,,,,,,,,,,,,,,,,
18:58:35,31.07,-9.73,-3.61,-1.65,10.51,6.07,,,,,,,,,,,,,,,,,,,,,
18:58:40,31.11,-10.04,-3.69,-1.61,10.82,6.25,,,,,,,,,,,,,,,,,,,,,
18:58:45,31.05,-9.22,-3.69,-1.57,10.05,5.80,,,,,,,,,,,,,,,,,,,,,
18:58:49,31.05,-9.53,-3.73,-1.53,10.35,5.98,,,,,,,,,,,,,,,,,,,,,
18:58:52,31.01,-9.65,-3.61,-1.53,10.42,6.01,,,,,,,,,,,,,,,,,,,,,
18:58:56,31.07,-9.85,-3.96,-1.53,10.72,6.19,,,,,,,,,,,,,,,,,,,,,
18:59:01,31.11,-9.77,-3.57,-1.45,10.50,6.06,,,,,,,,,,,,,,,,,,,,,
18:59:09,31.11,-9.65,-3.45,-1.61,10.37,5.99,,,,,,,,,,,,,,,,,,,,,
18:59:11,30.99,-9.65,-3.73,-1.49,10.45,6.03,,,,,,,,,,,,,,,,,,,,,
18:59:17,31.07,-9.92,-4.12,-1.65,10.87,6.28,,,,,,,,,,,,,,,,,,,,,
18:59:20,31.01,-9.57,-3.37,-1.45,10.25,5.92,,,,,,,,,,,,,,,,,,,,,
18:59:25,31.05,-9.81,-4.35,-1.49,10.83,6.25,,,,,,,,,,,,,,,,,,,,,
18:59:28,30.99,-9.92,-3.61,-1.57,10.68,6.16,,,,,,,,,,,,,,,,,,,,,
18:59:32,31.01,-9.85,-3.33,-1.80,10.55,6.09,,,,,,,,,,,,,,,,,,,,,
18:59:38,30.99,-9.61,-3.77,-1.53,10.44,6.02,,,,,,,,,,,,,,,,,,,,,
18:59:41,29.57,-10.04,-3.65,-1.57,10.80,6.24,,,,,,,,,,,,,,,,,,,,,
18:59:45,30.93,-9.96,-3.61,-1.65,10.72,6.19,,,,,,,,,,,,,,,,,,,,,
18:59:51,29.77,-9.53,-3.81,-1.65,10.40,6.00,,,,,,,,,,,,,,,,,,,,,
18:59:56,29.83,-9.57,-4.16,-1.41,10.53,6.08,,,,,,,,,,,,,,,,,,,,,
19:00:00,30.11,-9.89,-3.65,-1.57,10.65,6.15,,,,,,,,,,,,,,,,,,,,,
19:00:06,28.77,-9.92,-3.96,-1.65,10.81,6.24,,,,,,,,,,,,,,,,,,,,,
19:00:12,29.51,-9.92,-3.65,-1.61,10.70,6.18,,,,,,,,,,,,,,,,,,,,,
19:00:17,29.89,-9.49,-3.92,-1.69,10.41,6.01,,,,,,,,,,,,,,,,,,,,,
19:00:23,29.91,-9.89,-3.77,-1.49,10.68,6.17,,,,,,,,,,,,,,,,,,,,,
19:00:26,30.15,-9.96,-3.77,-1.69,10.78,6.23,,,,,,,,,,,,,,,,,,,,,
19:00:30,28.91,-9.61,-3.57,-1.53,10.37,5.99,,,,,,,,,,,,,,,,,,,,,
19:00:34,29.63,-9.41,-3.26,-1.73,10.11,5.84,,,,,,,,,,,,,,,,,,,,,
19:00:38,30.03,-9.49,-3.22,-1.73,10.17,5.87,,,,,,,,,,,,,,,,,,,,,
19:00:44,29.79,-9.61,-3.41,-1.65,10.33,5.96,,,,,,,,,,,,,,,,,,,,,
19:00:50,29.97,-9.34,-3.45,-1.73,10.10,5.83,,,,,,,,,,,,,,,,,,,,,
19:00:56,30.15,-9.65,-3.37,-1.61,10.35,5.98,,,,,,,,,,,,,,,,,,,,,
19:01:00,29.65,-9.89,-3.81,-1.65,10.72,6.19,,,,,,,,,,,,,,,,,,,,,
19:01:07,30.11,-9.92,-3.33,-1.69,10.60,6.12,,,,,,,,,,,,,,,,,,,,,
19:01:10,31.25,-9.77,-3.22,-1.73,10.43,6.02,,,,,,,,,,,,,,,,,,,,,
19:01:15,30.65,-9.69,-3.96,-1.53,10.58,6.11,,,,,,,,,,,,,,,,,,,,,
19:01:19,30.93,-9.10,-4.32,-1.29,10.16,5.86,,,,,,,,,,,,,,,,,,,,,
19:01:25,32.09,-9.77,-3.26,-1.73,10.44,6.03,,,,,,,,,,,,,,,,,,,,,
19:01:30,32.77,-9.92,-2.86,-1.69,10.47,6.04,,,,,,,,,,,,,,,,,,,,,
19:01:37,32.05,-9.34,-3.45,-1.61,10.08,5.82,,,,,,,,,,,,,,,,,,,,,
19:01:41,32.25,-9.73,-3.92,-1.53,10.60,6.12,,,,,,,,,,,,,,,,,,,,,
19:01:46,34.47,-9.77,-4.16,-1.41,10.71,6.18,,,,,,,,,,,,,,,,,,,,,
19:01:55,34.37,-10.04,-3.30,-1.77,10.72,6.19,,,,,,,,,,,,,,,,,,,,,
19:01:59,35.29,-9.57,-4.59,-1.45,10.71,6.19,,,,,,,,,,,,,,,,,,,,,
19:02:04,35.21,-9.10,-4.59,-1.29,10.27,5.93,,,,,,,,,,,,,,,,,,,,,
19:02:10,34.09,-9.65,-3.33,-1.45,10.31,5.95,,,,,,,,,,,,,,,,,,,,,
19:02:15,32.39,-9.77,-3.37,-1.69,10.47,6.05,,,,,,,,,,,,,,,,,,,,,
19:02:19,33.29,-9.53,-3.10,-1.61,10.15,5.86,,,,,,,,,,,,,,,,,,,,,
19:02:25,35.05,-9.14,-3.30,-1.37,9.81,5.67,,,,,,,,,,,,,,,,,,,,,
19:02:34,34.29,-9.92,-3.53,-1.57,10.65,6.15,,,,,,,,,,,,,,,,,,,,,
19:02:37,32.17,-9.89,-4.00,-1.61,10.79,6.23,,,,,,,,,,,,,,,,,,,,,
19:02:43,30.71,-9.73,-3.61,-1.49,10.48,6.05,,,,,,,,,,,,,,,,,,,,,
19:02:52,34.07,-9.77,-3.65,-1.61,10.55,6.09,,,,,,,,,,,,,,,,,,,,,
19:02:57,31.83,-9.73,-3.65,-1.61,10.51,6.07,,,,,,,,,,,,,,,,,,,,,
19:03:03,31.95,-9.73,-3.65,-1.61,10.51,6.07,,,,,,,,,,,,,,,,,,,,,
19:03:09,31.89,-9.77,-3.69,-1.65,10.57,6.10,,,,,,,,,,,,,,,,,,,,,
19:03:15,31.89,-9.77,-3.69,-1.53,10.55,6.09,,,,,,,,,,,,,,,,,,,,,
19:03:21,31.83,-9.77,-3.65,-1.61,10.55,6.09,,,,,,,,,,,,,,,,,,,,,
19:03:27,31.81,-9.77,-3.73,-1.65,10.58,6.11,,,,,,,,,,,,,,,,,,,,,
19:03:33,31.81,-9.77,-3.65,-1.57,10.54,6.09,,,,,,,,,,,,,,,,,,,,,
19:03:38,31.91,-9.73,-3.65,-1.65,10.52,6.07,,,,,,,,,,,,,,,,,,,,,
19:03:46,31.81,-9.73,-3.65,-1.65,10.52,6.07,,,,,,,,,,,,,,,,,,,,,
19:03:50,31.81,-9.77,-3.65,-1.61,10.55,6.09,,,,,,,,,,,,,,,,,,,,,
19:03:56,31.77,-9.69,-3.69,-1.65,10.50,6.06,,,,,,,,,,,,,,,,,,,,,
19:04:01,31.77,-9.77,-3.65,-1.53,10.54,6.08,,,,,,,,,,,,,,,,,,,,,
21:14:03,29.93,-9.77,-3.65,-1.61,10.55,6.09,,,,,,,,,,,,,,,,,,,,,
21:14:06,29.99,-9.73,-3.73,-1.45,10.52,6.07,,,,,,,,,,,,,,,,,,,,,
21:14:10,29.93,-9.73,-3.65,-1.53,10.50,6.06,,,,,,,,,,,,,,,,,,,,,
21:14:16,29.89,-9.69,-3.65,-1.57,10.47,6.05,,,,,,,,,,,,,,,,,,,,,
21:14:19,30.03,-9.57,-3.84,-1.53,10.43,6.02,,,,,,,,,,,,,,,,,,,,,
21:14:23,30.03,-9.65,-4.16,-1.41,10.60,6.12,,,,,,,,,,,,,,,,,,,,,
21:14:27,30.05,-9.49,-4.16,-1.33,10.45,6.03,,,,,,,,,,,,,,,,,,,,,
21:14:30,30.11,-9.65,-3.77,-1.53,10.47,6.05,,,,,,,,,,,,,,,,,,,,,
21:14:34,30.09,-9.61,-3.06,-1.84,10.25,5.92,,,,,,,,,,,,,,,,,,,,,
21:14:38,30.19,-9.77,-3.92,-1.49,10.63,6.14,,,,,,,,,,,,,,,,,,,,,
21:14:45,30.11,-9.77,-3.14,-1.69,10.40,6.00,,,,,,,,,,,,,,,,,,,,,
21:14:50,30.09,-9.41,-3.88,-1.49,10.29,5.94,,,,,,,,,,,,,,,,,,,,,
21:14:56,30.03,-9.26,-4.32,-1.29,10.30,5.94,,,,,,,,,,,,,,,,,,,,,
21:15:01,30.05,-9.69,-3.73,-1.53,10.49,6.06,,,,,,,,,,,,,,,,,,,,,
21:15:07,30.05,-9.34,-4.00,-1.41,10.26,5.92,,,,,,,,,,,,,,,,,,,,,
21:15:11,30.09,-9.30,-3.02,-1.53,9.89,5.71,,,,,,,,,,,,,,,,,,,,,
21:15:14,30.11,-9.49,-3.61,-1.49,10.26,5.93,,,,,,,,,,,,,,,,,,,,,
21:15:20,30.11,-9.49,-3.37,-1.61,10.20,5.89,,,,,,,,,,,,,,,,,,,,,
21:15:23,29.55,-9.57,-4.08,-1.41,10.50,6.06,,,,,,,,,,,,,,,,,,,,,
21:15:27,34.23,-9.38,-4.20,-1.37,10.36,5.98,,,,,,,,,,,,,,,,,,,,,
21:15:33,34.89,-9.81,-4.04,-1.41,10.70,6.18,,,,,,,,,,,,,,,,,,,,,
21:15:37,34.97,-9.53,-4.35,-1.33,10.56,6.10,,,,,,,,,,,,,,,,,,,,,
21:15:43,35.07,-9.65,-3.77,-1.45,10.46,6.04,,,,,,,,,,,,,,,,,,,,,
21:15:46,34.89,-9.57,-3.41,-1.53,10.28,5.93,,,,,,,,,,,,,,,,,,,,,
21:15:51,34.23,-9.85,-3.57,-1.53,10.58,6.11,,,,,,,,,,,,,,,,,,,,,
21:15:55,34.13,-9.41,-3.77,-1.57,10.26,5.92,,,,,,,,,,,,,,,,,,,,,
21:16:01,34.59,-9.49,-4.32,-1.29,10.51,6.07,,,,,,,,,,,,,,,,,,,,,
21:16:05,35.99,-9.34,-3.77,-1.45,10.17,5.87,,,,,,,,,,,,,,,,,,,,,
21:16:11,37.53,-10.32,-3.18,-1.80,10.95,6.32,,,,,,,,,,,,,,,,,,,,,
21:16:17,40.03,-9.57,-3.84,-1.61,10.44,6.03,,,,,,,,,,,,,,,,,,,,,
21:16:21,46.41,-9.81,-3.45,-1.53,10.51,6.07,,,,,,,,,,,,,,,,,,,,,
21:16:25,47.55,-9.41,-3.84,-1.49,10.28,5.93,,,,,,,,,,,,,,,,,,,,,
21:16:31,48.89,-9.85,-3.81,-1.65,10.68,6.17,,,,,,,,,,,,,,,,,,,,,
21:16:37,48.65,-9.53,-3.88,-1.57,10.41,6.01,,,,,,,,,,,,,,,,,,,,,
21:16:48,31.57,-9.69,-3.65,-1.53,10.47,6.04,,,,,,,,,,,,,,,,,,,,,
21:16:51,31.41,-9.73,-3.73,-1.57,10.54,6.08,,,,,,,,,,,,,,,,,,,,,
21:16:56,31.27,-9.73,-3.69,-1.57,10.52,6.07,,,,,,,,,,,,,,,,,,,,,
21:17:00,31.25,-9.77,-3.69,-1.53,10.55,6.09,,,,,,,,,,,,,,,,,,,,,
21:17:05,31.27,-9.73,-3.69,-1.57,10.52,6.07,,,,,,,,,,,,,,,,,,,,,
21:17:11,31.21,-9.77,-3.65,-1.57,10.54,6.09,,,,,,,,,,,,,,,,,,,,,
21:17:16,31.21,-9.73,-3.81,-1.45,10.55,6.09,,,,,,,,,,,,,,,,,,,,,
21:17:22,31.15,-9.69,-3.61,-1.61,10.46,6.04,,,,,,,,,,,,,,,,,,,,,
21:17:26,31.07,-9.65,-3.69,-1.37,10.42,6.02,,,,,,,,,,,,,,,,,,,,,
21:17:31,31.13,-9.65,-4.12,-1.29,10.57,6.10,,,,,,,,,,,,,,,,,,,,,
21:17:37,31.07,-9.57,-3.49,-1.65,10.32,5.96,,,,,,,,,,,,,,,,,,,,,
21:17:42,31.19,-9.73,-3.73,-1.61,10.54,6.09,,,,,,,,,,,,,,,,,,,,,
21:17:47,31.11,-9.73,-3.53,-1.53,10.46,6.04,,,,,,,,,,,,,,,,,,,,,
21:17:51,31.27,-9.69,-3.18,-1.53,10.31,5.95,,,,,,,,,,,,,,,,,,,,,
21:17:56,31.19,-10.20,-3.22,-1.69,10.83,6.25,,,,,,,,,,,,,,,,,,,,,
21:18:01,31.25,-9.89,-3.77,-1.69,10.71,6.18,,,,,,,,,,,,,,,,,,,,,
21:18:06,31.13,-9.61,-3.81,-1.41,10.43,6.02,,,,,,,,,,,,,,,,,,,,,
21:18:12,31.13,-9.69,-3.81,-1.57,10.53,6.08,,,,,,,,,,,,,,,,,,,,,
21:18:17,31.07,-9.61,-3.49,-1.49,10.33,5.97,,,,,,,,,,,,,,,,,,,,,
21:18:24,32.99,-9.69,-3.73,-1.53,10.49,6.06,,,,,,,,,,,,,,,,,,,,,
21:18:28,32.11,-9.53,-4.35,-1.41,10.57,6.11,,,,,,,,,,,,,,,,,,,,,
21:18:32,31.57,-9.65,-3.77,-1.45,10.46,6.04,,,,,,,,,,,,,,,,,,,,,
21:18:36,31.63,-9.85,-4.43,-1.22,10.87,6.27,,,,,,,,,,,,,,,,,,,,,
21:18:40,31.21,-9.69,-4.00,-1.49,10.59,6.11,,,,,,,,,,,,,,,,,,,,,
21:18:44,31.57,-9.57,-3.53,-1.49,10.31,5.95,,,,,,,,,,,,,,,,,,,,,
21:18:50,31.01,-9.69,-4.00,-1.41,10.58,6.11,,,,,,,,,,,,,,,,,,,,,
21:18:53,31.77,-9.92,-3.18,-1.80,10.58,6.11,,,,,,,,,,,,,,,,,,,,,
21:18:57,31.77,-9.77,-3.26,-1.69,10.43,6.02,,,,,,,,,,,,,,,,,,,,,
21:19:00,33.69,-9.41,-3.92,-1.45,10.30,5.95,,,,,,,,,,,,,,,,,,,,,
21:19:04,36.31,-9.73,-3.49,-1.57,10.45,6.04,,,,,,,,,,,,,,,,,,,,,
21:19:09,34.89,-9.61,-3.22,-1.53,10.25,5.92,,,,,,,,,,,,,,,,,,,,,
21:19:13,34.93,-10.08,-2.98,-1.69,10.65,6.15,,,,,,,,,,,,,,,,,,,,,
21:19:16,36.13,-9.73,-3.49,-1.57,10.45,6.04,,,,,,,,,,,,,,,,,,,,,
21:19:19,37.69,-9.14,-3.84,-1.41,10.02,5.78,,,,,,,,,,,,,,,,,,,,,
21:19:27,38.97,-9.73,-2.59,-1.61,10.19,5.89,,,,,,,,,,,,,,,,,,,,,
21:19:29,40.73,-9.89,-3.49,-1.57,10.60,6.12,,,,,,,,,,,,,,,,,,,,,
21:19:49,30.47,-9.81,-3.18,-1.73,10.45,6.03,,,,,,,,,,,,,,,,,,,,,
21:19:55,30.57,-9.96,-4.12,-1.45,10.88,6.28,,,,,,,,,,,,,,,,,,,,,
21:19:59,30.59,-9.85,-3.53,-1.57,10.58,6.11,,,,,,,,,,,,,,,,,,,,,
21:20:04,30.59,-9.77,-3.69,-1.53,10.55,6.09,,,,,,,,,,,,,,,,,,,,,
21:20:08,30.47,-9.73,-3.69,-1.49,10.51,6.07,,,,,,,,,,,,,,,,,,,,,
21:20:13,30.47,-9.81,-3.69,-1.57,10.59,6.12,,,,,,,,,,,,,,,,,,,,,
21:20:19,30.43,-9.77,-3.69,-1.49,10.55,6.09,,,,,,,,,,,,,,,,,,,,,
21:20:25,30.39,-9.89,-3.77,-1.53,10.69,6.17,,,,,,,,,,,,,,,,,,,,,
21:20:30,30.47,-9.77,-4.04,-1.41,10.66,6.16,,,,,,,,,,,,,,,,,,,,,
21:20:34,30.37,-9.53,-3.84,-1.61,10.40,6.01,,,,,,,,,,,,,,,,,,,,,
21:20:40,30.45,-9.38,-4.16,-1.37,10.35,5.97,,,,,,,,,,,,,,,,,,,,,
21:20:46,30.53,-10.08,-3.22,-1.73,10.72,6.19,,,,,,,,,,,,,,,,,,,,,
21:20:51,30.59,-9.81,-3.33,-1.65,10.49,6.06,,,,,,,,,,,,,,,,,,,,,
21:20:55,30.53,-9.38,-3.88,-1.53,10.26,5.93,,,,,,,,,,,,,,,,,,,,,
21:20:59,30.51,-9.49,-4.08,-1.49,10.44,6.03,,,,,,,,,,,,,,,,,,,,,
21:21:02,30.53,-9.73,-3.73,-1.45,10.52,6.07,,,,,,,,,,,,,,,,,,,,,
21:21:06,30.47,-9.96,-3.41,-1.14,10.59,6.12,,,,,,,,,,,,,,,,,,,,,
21:21:10,30.47,-9.73,-3.45,-1.61,10.45,6.03,,,,,,,,,,,,,,,,,,,,,
21:21:14,30.47,-9.85,-3.88,-1.33,10.67,6.16,,,,,,,,,,,,,,,,,,,,,
21:21:18,30.51,-9.57,-3.53,-1.73,10.35,5.97,,,,,,,,,,,,,,,,,,,,,
21:21:22,30.47,-9.85,-3.92,-1.41,10.69,6.17,,,,,,,,,,,,,,,,,,,,,
21:21:25,29.15,-8.83,-4.04,-1.41,9.81,5.66,,,,,,,,,,,,,,,,,,,,,
21:21:29,32.41,-9.57,-4.24,-1.45,10.57,6.10,,,,,,,,,,,,,,,,,,,,,
21:21:36,31.81,-9.49,-3.81,-1.37,10.32,5.96,,,,,,,,,,,,,,,,,,,,,
21:21:39,30.97,-9.41,-4.24,-1.18,10.39,6.00,,,,,,,,,,,,,,,,,,,,,
21:21:43,31.25,-10.08,-3.53,-1.57,10.80,6.23,,,,,,,,,,,,,,,,,,,,,
21:21:49,32.09,-10.12,-4.04,-1.41,10.99,6.34,,,,,,,,,,,,,,,,,,,,,
21:21:53,31.55,-9.45,-3.02,-1.77,10.08,5.82,,,,,,,,,,,,,,,,,,,,,
21:21:59,30.87,-10.28,-2.67,-1.61,10.74,6.20,,,,,,,,,,,,,,,,,,,,,
21:22:02,30.79,-10.47,-3.81,-1.45,11.24,6.49,,,,,,,,,,,,,,,,,,,,,
21:22:06,32.77,-10.08,-3.02,-1.69,10.66,6.15,,,,,,,,,,,,,,,,,,,,,
21:22:10,34.63,-8.71,-4.86,-1.14,10.04,5.80,,,,,,,,,,,,,,,,,,,,,
21:22:13,34.59,-10.36,-3.49,-1.57,11.04,6.37,,,,,,,,,,,,,,,,,,,,,
21:22:19,36.65,-10.00,-3.73,-1.53,10.78,6.23,,,,,,,,,,,,,,,,,,,,,
21:22:25,39.13,-9.34,-3.65,-1.53,10.14,5.85,,,,,,,,,,,,,,,,,,,,,
21:22:29,39.83,-9.69,-4.79,-1.22,10.88,6.28,,,,,,,,,,,,,,,,,,,,,
21:22:54,30.81,-9.57,-3.81,-1.37,10.39,6.00,,,,,,,,,,,,,,,,,,,,,
21:22:57,31.35,-9.69,-3.73,-1.61,10.51,6.07,,,,,,,,,,,,,,,,,,,,,
21:23:01,31.27,-9.73,-3.73,-1.57,10.54,6.08,,,,,,,,,,,,,,,,,,,,,
21:23:05,31.33,-9.77,-3.69,-1.57,10.56,6.10,,,,,,,,,,,,,,,,,,,,,
21:23:09,31.27,-9.73,-3.73,-1.57,10.54,6.08,,,,,,,,,,,,,,,,,,,,,
21:23:13,31.19,-9.77,-3.69,-1.65,10.57,6.10,,,,,,,,,,,,,,,,,,,,,
21:23:16,31.21,-9.73,-3.65,-1.53,10.50,6.06,,,,,,,,,,,,,,,,,,,,,
21:23:24,31.25,-9.77,-3.65,-1.57,10.54,6.09,,,,,,,,,,,,,,,,,,,,,
21:23:27,31.11,-9.77,-3.77,-1.53,10.58,6.11,,,,,,,,,,,,,,,,,,,,,
21:23:32,31.07,-9.49,-3.45,-1.41,10.20,5.89,,,,,,,,,,,,,,,,,,,,,
21:23:36,31.21,-9.57,-3.88,-1.45,10.43,6.02,,,,,,,,,,,,,,,,,,,,,
21:23:47,31.21,-9.57,-3.73,-1.37,10.36,5.98,,,,,,,,,,,,,,,,,,,,,
21:23:49,31.21,-9.92,-4.35,-1.41,10.93,6.31,,,,,,,,,,,,,,,,,,,,,
21:23:52,31.25,-9.49,-3.61,-1.45,10.26,5.92,,,,,,,,,,,,,,,,,,,,,
21:23:57,31.25,-9.69,-3.22,-1.65,10.34,5.97,,,,,,,,,,,,,,,,,,,,,
21:24:03,31.27,-9.77,-3.92,-1.33,10.61,6.13,,,,,,,,,,,,,,,,,,,,,
21:24:09,31.15,-9.49,-3.57,-1.45,10.25,5.92,,,,,,,,,,,,,,,,,,,,,
21:24:14,31.21,-9.61,-3.41,-1.45,10.30,5.95,,,,,,,,,,,,,,,,,,,,,
21:24:20,31.19,-9.92,-4.08,-1.49,10.83,6.26,,,,,,,,,,,,,,,,,,,,,
21:24:26,31.21,-9.96,-3.45,-1.57,10.66,6.16,,,,,,,,,,,,,,,,,,,,,
21:24:32,30.59,-9.81,-3.65,-1.57,10.58,6.11,,,,,,,,,,,,,,,,,,,,,
21:24:36,31.47,-9.73,-3.18,-1.77,10.39,6.00,,,,,,,,,,,,,,,,,,,,,
21:24:39,32.63,-10.04,-3.30,-1.45,10.67,6.16,,,,,,,,,,,,,,,,,,,,,
21:24:45,33.13,-9.49,-4.35,-1.57,10.56,6.10,,,,,,,,,,,,,,,,,,,,,
21:24:48,39.27,-9.92,-3.96,-1.33,10.77,6.22,,,,,,,,,,,,,,,,,,,,,
21:24:52,42.03,-9.53,-2.71,-1.80,10.07,5.82,,,,,,,,,,,,,,,,,,,,,
21:24:56,40.19,-9.89,-3.22,-1.61,10.52,6.07,,,,,,,,,,,,,,,,,,,,,
21:25:02,43.93,-10.00,-3.02,-1.61,10.57,6.10,,,,,,,,,,,,,,,,,,,,,
21:25:05,39.05,-9.61,-3.69,-1.45,10.40,6.00,,,,,,,,,,,,,,,,,,,,,
21:25:08,29.99,-9.65,-4.28,-1.41,10.65,6.15,,,,,,,,,,,,,,,,,,,,,
21:25:14,30.67,-9.96,-3.61,-1.49,10.70,6.18,,,,,,,,,,,,,,,,,,,,,
21:25:18,30.57,-9.69,-3.77,-1.53,10.51,6.07,,,,,,,,,,,,,,,,,,,,,
21:25:24,30.53,-9.73,-3.69,-1.53,10.52,6.07,,,,,,,,,,,,,,,,,,,,,
21:25:27,30.39,-9.73,-3.73,-1.53,10.53,6.08,,,,,,,,,,,,,,,,,,,,,
21:25:32,30.43,-9.77,-3.69,-1.45,10.54,6.09,,,,,,,,,,,,,,,,,,,,,
21:25:36,30.43,-9.77,-3.65,-1.49,10.53,6.08,,,,,,,,,,,,,,,,,,,,,
21:25:40,30.59,-9.81,-3.65,-1.49,10.57,6.10,,,,,,,,,,,,,,,,,,,,,
21:25:57,30.59,-9.77,-3.69,-1.53,10.55,6.09,,,,,,,,,,,,,,,,,,,,,
21:26:02,30.37,-9.41,-3.84,-1.53,10.28,5.94,,,,,,,,,,,,,,,,,,,,,
21:26:09,30.57,-9.69,-3.69,-1.45,10.47,6.04,,,,,,,,,,,,,,,,,,,,,
21:26:12,30.39,-9.73,-4.16,-1.33,10.66,6.16,,,,,,,,,,,,,,,,,,,,,
21:26:16,30.63,-9.77,-3.69,-1.41,10.54,6.08,,,,,,,,,,,,,,,,,,,,,
21:26:22,30.45,-9.92,-3.61,-1.45,10.66,6.15,,,,,,,,,,,,,,,,,,,,,
21:26:27,30.51,-9.69,-3.88,-1.29,10.52,6.07,,,,,,,,,,,,,,,,,,,,,
21:26:33,30.51,-9.77,-3.30,-1.65,10.44,6.03,,,,,,,,,,,,,,,,,,,,,
21:26:37,30.45,-10.40,-3.77,-1.53,11.16,6.44,,,,,,,,,,,,,,,,,,,,,
21:26:42,30.33,-9.30,-3.88,-1.45,10.18,5.88,,,,,,,,,,,,,,,,,,,,,
21:26:46,30.37,-9.92,-3.81,-1.57,10.74,6.20,,,,,,,,,,,,,,,,,,,,,
21:26:51,30.23,-9.26,-4.55,-1.29,10.40,6.00,,,,,,,,,,,,,,,,,,,,,
21:26:57,30.51,-9.96,-3.69,-1.49,10.73,6.19,,,,,,,,,,,,,,,,,,,,,
21:27:06,33.71,-9.53,-3.81,-1.33,10.35,5.98,,,,,,,,,,,,,,,,,,,,,
21:27:10,32.95,-9.61,-3.69,-1.37,10.39,6.00,,,,,,,,,,,,,,,,,,,,,
21:27:14,33.41,-9.81,-3.84,-1.41,10.63,6.14,,,,,,,,,,,,,,,,,,,,,
21:27:20,33.47,-9.49,-3.37,-1.65,10.21,5.89,,,,,,,,,,,,,,,,,,,,,
21:27:24,32.99,-9.73,-3.53,-1.57,10.47,6.04,,,,,,,,,,,,,,,,,,,,,
21:27:29,32.11,-9.38,-3.92,-1.45,10.27,5.93,,,,,,,,,,,,,,,,,,,,,
21:27:32,33.29,-9.61,-4.28,-1.61,10.64,6.14,,,,,,,,,,,,,,,,,,,,,
21:27:36,34.39,-9.38,-3.92,-1.49,10.27,5.93,,,,,,,,,,,,,,,,,,,,,
21:27:44,35.01,-9.77,-3.33,-1.57,10.44,6.03,,,,,,,,,,,,,,,,,,,,,
21:27:49,38.69,-9.92,-3.22,-1.49,10.54,6.08,,,,,,,,,,,,,,,,,,,,,
21:28:02,40.53,-9.53,-3.84,-1.41,10.38,5.99,,,,,,,,,,,,,,,,,,,,,
21:28:08,31.95,-9.65,-4.04,-1.49,10.57,6.10,,,,,,,,,,,,,,,,,,,,,
21:28:14,31.47,-9.38,-3.92,-1.29,10.25,5.92,,,,,,,,,,,,,,,,,,,,,
21:28:37,27.99,-9.73,-3.69,-1.53,10.52,6.07,,,,,,,,,,,,,,,,,,,,,
21:28:44,29.17,-9.73,-3.69,-1.49,10.51,6.07,,,,,,,,,,,,,,,,,,,,,
21:28:49,32.53,-9.73,-3.69,-1.53,10.52,6.07,,,,,,,,,,,,,,,,,,,,,
21:29:00,29.99,-9.73,-3.69,-1.57,10.52,6.07,,,,,,,,,,,,,,,,,,,,,
21:29:09,30.05,-9.73,-3.69,-1.49,10.51,6.07,,,,,,,,,,,,,,,,,,,,,
21:29:12,30.05,-9.61,-3.77,-1.57,10.44,6.03,,,,,,,,,,,,,,,,,,,,,
21:29:17,29.93,-9.69,-3.84,-1.49,10.53,6.08,,,,,,,,,,,,,,,,,,,,,
21:29:23,29.99,-9.89,-3.61,-1.41,10.62,6.13,,,,,,,,,,,,,,,,,,,,,
21:29:28,30.11,-9.96,-3.41,-1.61,10.65,6.15,,,,,,,,,,,,,,,,,,,,,
21:29:34,30.09,-9.41,-3.77,-1.33,10.23,5.91,,,,,,,,,,,,,,,,,,,,,
21:29:38,30.09,-9.77,-3.73,-1.53,10.57,6.10,,,,,,,,,,,,,,,,,,,,,
21:29:44,30.11,-9.61,-3.53,-1.41,10.34,5.97,,,,,,,,,,,,,,,,,,,,,
21:29:50,30.25,-10.08,-3.92,-1.57,10.93,6.31,,,,,,,,,,,,,,,,,,,,,
21:29:57,30.19,-10.16,-3.18,-1.77,10.79,6.23,,,,,,,,,,,,,,,,,,,,,
21:30:02,30.15,-9.73,-3.49,-1.53,10.45,6.03,,,,,,,,,,,,,,,,,,,,,
21:30:10,30.31,-9.61,-3.33,-1.61,10.30,5.95,,,,,,,,,,,,,,,,,,,,,
21:30:15,28.43,-9.61,-3.57,-1.53,10.37,5.99,,,,,,,,,,,,,,,,,,,,,
21:30:21,32.85,-10.12,-3.14,-1.65,10.72,6.19,,,,,,,,,,,,,,,,,,,,,
21:30:26,31.11,-9.77,-3.33,-1.49,10.43,6.02,,,,,,,,,,,,,,,,,,,,,
21:30:32,31.43,-9.73,-3.73,-1.53,10.53,6.08,,,,,,,,,,,,,,,,,,,,,
21:30:38,31.35,-9.96,-3.33,-1.65,10.64,6.14,,,,,,,,,,,,,,,,,,,,,
21:30:44,31.13,-9.34,-4.16,-1.41,10.32,5.96,,,,,,,,,,,,,,,,,,,,,
21:30:50,34.83,-9.61,-3.26,-1.53,10.26,5.93,,,,,,,,,,,,,,,,,,,,,
21:30:55,36.93,-10.16,-3.30,-1.73,10.82,6.25,,,,,,,,,,,,,,,,,,,,,
21:31:01,38.29,-10.04,-3.65,-1.02,10.73,6.20,,,,,,,,,,,,,,,,,,,,,
21:31:07,36.07,-9.61,-3.73,-1.37,10.40,6.00,,,,,,,,,,,,,,,,,,,,,
21:31:12,39.41,-10.04,-3.49,-1.57,10.75,6.21,,,,,,,,,,,,,,,,,,,,,
21:31:19,44.57,-9.41,-3.61,-1.49,10.19,5.88,,,,,,,,,,,,,,,,,,,,,
21:31:42,31.85,-9.69,-3.65,-1.49,10.46,6.04,,,,,,,,,,,,,,,,,,,,,
21:31:49,31.83,-9.73,-3.69,-1.49,10.51,6.07,,,,,,,,,,,,,,,,,,,,,
21:31:56,31.69,-9.69,-3.69,-1.45,10.47,6.04,,,,,,,,,,,,,,,,,,,,,
21:32:03,31.63,-9.77,-3.73,-1.65,10.58,6.11,,,,,,,,,,,,,,,,,,,,,
21:32:09,31.69,-9.65,-3.69,-1.45,10.43,6.02,,,,,,,,,,,,,,,,,,,,,
21:32:12,31.67,-9.57,-3.65,-1.49,10.35,5.98,,,,,,,,,,,,,,,,,,,,,
21:32:15,31.69,-9.69,-3.53,-1.53,10.43,6.02,,,,,,,,,,,,,,,,,,,,,
21:32:22,31.63,-9.41,-4.04,-1.53,10.36,5.98,,,,,,,,,,,,,,,,,,,,,
21:32:25,31.77,-9.81,-4.20,-1.41,10.76,6.21,,,,,,,,,,,,,,,,,,,,,
21:32:29,31.81,-9.73,-3.84,-1.49,10.57,6.10,,,,,,,,,,,,,,,,,,,,,
21:32:37,31.69,-9.65,-3.49,-1.53,10.38,5.99,,,,,,,,,,,,,,,,,,,,,
21:32:39,31.67,-9.77,-3.49,-1.37,10.46,6.04,,,,,,,,,,,,,,,,,,,,,
21:32:47,31.71,-9.96,-4.08,-1.37,10.85,6.27,,,,,,,,,,,,,,,,,,,,,
21:32:52,31.69,-9.57,-4.20,-1.37,10.54,6.09,,,,,,,,,,,,,,,,,,,,,
21:32:55,31.69,-9.30,-4.55,-1.37,10.44,6.03,,,,,,,,,,,,,,,,,,,,,
21:33:02,31.69,-9.65,-3.84,-1.45,10.49,6.06,,,,,,,,,,,,,,,,,,,,,
21:33:07,31.55,-9.96,-3.73,-1.49,10.74,6.20,,,,,,,,,,,,,,,,,,,,,
21:33:13,31.77,-9.57,-3.84,-1.49,10.42,6.02,,,,,,,,,,,,,,,,,,,,,
21:33:16,31.55,-9.96,-3.61,-1.53,10.71,6.18,,,,,,,,,,,,,,,,,,,,,
21:33:20,31.63,-10.16,-2.51,-1.73,10.61,6.12,,,,,,,,,,,,,,,,,,,,,
21:33:26,31.63,-10.40,-3.61,-1.73,11.14,6.43,,,,,,,,,,,,,,,,,,,,,
21:33:29,31.71,-9.41,-5.02,-1.29,10.75,6.21,,,,,,,,,,,,,,,,,,,,,
21:33:36,31.67,-10.40,-3.18,-1.41,10.96,6.33,,,,,,,,,,,,,,,,,,,,,
21:33:52,31.71,-9.53,-3.49,-1.49,10.26,5.92,,,,,,,,,,,,,,,,,,,,,
21:33:58,32.99,-9.53,-3.49,-1.61,10.28,5.93,,,,,,,,,,,,,,,,,,,,,
21:34:01,30.97,-9.53,-4.08,-1.41,10.46,6.04,,,,,,,,,,,,,,,,,,,,,
21:34:31,30.63,-9.85,-3.06,-1.65,10.44,6.03,,,,,,,,,,,,,,,,,,,,,
21:34:35,29.99,-9.77,-3.88,-1.33,10.60,6.12,,,,,,,,,,,,,,,,,,,,,
21:34:40,29.99,-9.53,-3.65,-1.49,10.32,5.96,,,,,,,,,,,,,,,,,,,,,
21:34:46,29.29,-9.81,-3.53,-1.57,10.54,6.09,,,,,,,,,,,,,,,,,,,,,
21:34:52,29.23,-10.16,-3.22,-1.61,10.78,6.22,,,,,,,,,,,,,,,,,,,,,
21:34:55,28.89,-9.65,-3.92,-1.61,10.54,6.09,,,,,,,,,,,,,,,,,,,,,
21:35:00,29.83,-9.92,-3.53,-1.57,10.65,6.15,,,,,,,,,,,,,,,,,,,,,
21:35:05,29.65,-9.53,-4.04,-1.29,10.43,6.02,,,,,,,,,,,,,,,,,,,,,
21:35:11,29.51,-10.04,-3.30,-1.61,10.69,6.17,,,,,,,,,,,,,,,,,,,,,
21:35:17,29.11,-9.41,-3.84,-1.57,10.29,5.94,,,,,,,,,,,,,,,,,,,,,
21:35:24,29.97,-9.69,-3.65,-1.49,10.46,6.04,,,,,,,,,,,,,,,,,,,,,
21:35:27,29.99,-9.69,-3.61,-1.49,10.45,6.03,,,,,,,,,,,,,,,,,,,,,
21:35:31,29.15,-9.81,-3.65,-1.41,10.56,6.10,,,,,,,,,,,,,,,,,,,,,
21:35:37,29.93,-9.61,-3.65,-1.61,10.41,6.01,,,,,,,,,,,,,,,,,,,,,
21:35:41,30.09,-9.30,-4.08,-1.26,10.23,5.91,,,,,,,,,,,,,,,,,,,,,
21:35:45,30.57,-10.12,-3.96,-1.29,10.95,6.32,,,,,,,,,,,,,,,,,,,,,
21:35:50,33.17,-9.49,-4.20,-1.45,10.48,6.05,,,,,,,,,,,,,,,,,,,,,
21:35:56,31.47,-9.73,-4.00,-1.41,10.61,6.13,,,,,,,,,,,,,,,,,,,,,
21:36:01,31.11,-9.26,-4.04,-1.41,10.20,5.89,,,,,,,,,,,,,,,,,,,,,
21:36:06,31.85,-9.45,-4.04,-1.49,10.39,6.00,,,,,,,,,,,,,,,,,,,,,
21:36:10,36.37,-10.20,-3.02,-1.77,10.78,6.23,,,,,,,,,,,,,,,,,,,,,
21:36:20,37.21,-9.92,-3.57,-1.53,10.66,6.15,,,,,,,,,,,,,,,,,,,,,
21:36:24,36.73,-9.77,-3.53,-1.49,10.49,6.06,,,,,,,,,,,,,,,,,,,,,
21:36:30,37.25,-9.81,-3.88,-1.37,10.64,6.14,,,,,,,,,,,,,,,,,,,,,
21:36:35,39.11,-9.96,-2.94,-1.77,10.54,6.08,,,,,,,,,,,,,,,,,,,,,
21:36:38,40.63,-9.41,-4.39,-1.26,10.47,6.04,,,,,,,,,,,,,,,,,,,,,
21:36:44,38.21,-9.92,-2.75,-1.65,10.43,6.02,,,,,,,,,,,,,,,,,,,,,
21:36:51,38.25,-10.12,-4.08,-1.45,11.01,6.36,,,,,,,,,,,,,,,,,,,,,
21:36:54,38.19,-9.96,-3.81,-1.41,10.76,6.21,,,,,,,,,,,,,,,,,,,,,
21:37:42,30.73,-9.61,-3.77,-1.37,10.41,6.01,,,,,,,,,,,,,,,,,,,,,
21:37:46,30.71,-9.61,-3.84,-1.49,10.46,6.04,,,,,,,,,,,,,,,,,,,,,
21:37:51,30.73,-9.53,-3.88,-1.41,10.39,6.00,,,,,,,,,,,,,,,,,,,,,
21:37:55,30.71,-10.08,-3.22,-1.49,10.69,6.17,,,,,,,,,,,,,,,,,,,,,
21:38:01,30.71,-9.77,-3.37,-1.57,10.45,6.03,,,,,,,,,,,,,,,,,,,,,
,,,,,,,,,,,,,,,,,,,,,,,,,,,
,,,,,,,,,,,,,,,,,,,,,,,,,,,
,,,,,,,,,,,,,,,,,,,,,,,,,,,
,,,,,,,,,,,,,,,,,,,,,,,,,,,
,,,,,,,,,,,,,,,,,,,,,,,,,,,
,,,,,,,,,,,,,,,,,,,,,,,,,,,
,,,,,,,,,,,,,,,,,,,,,,,,,,,
,,,,,,,,,,,,,,,,,,,,,,,,,,,
,,,,,,,,,,,,,,,,,,,,,,,,,,,
,,,,,,,,,,,,,,,,,,,,,,,,,,,
,,,,,,,,,,,,,,,,,,,,,,,,,,,
,,,,,,,,,,,,,,,,,,,,,,,,,,,
,,,,,,,,,,,,,,,,,,,,,,,,,,,
,,,,,,,,,,,,,,,,,,,,,,,,,,,
,,,,,,,,,,,,,,,,,,,,,,,,,,,
,,,,,,,,,,,,,,,,,,,,,,,,,,,
,,,,,,,,,,,,,,,,,,,,,,,,,,,
,,,,,,,,,,,,,,,,,,,,,,,,,,,
,,,,,,,,,,,,,,,,,,,,,,,,,,,
,,,,,,,,,,,,,,,,,,,,,,,,,,,
,,,,,,,,,,,,,,,,,,,,,,,,,,,
,,,,,,,,,,,,,,,,,,,,,,,,,,,
,,,,,,,,,,,,,,,,,,,,,,,,,,,
,,,,,,,,,,,,,,,,,,,,,,,,,,,
,,,,,,,,,,,,,,,,,,,,,,,,,,,
,,,,,,,,,,,,,,,,,,,,,,,,,,,
,,,,,,,,,,,,,,,,,,,,,,,,,,,
,,,,,,,,,,,,,,,,,,,,,,,,,,,
,,,,,,,,,,,,,,,,,,,,,,,,,,,
,,,,,,,,,,,,,,,,,,,,,,,,,,,
,,,,,,,,,,,,,,,,,,,,,,,,,,,
,,,,,,,,,,,,,,,,,,,,,,,,,,,
,,,,,,,,,,,,,,,,,,,,,,,,,,,
,,,,,,,,,,,,,,,,,,,,,,,,,,,
,,,,,,,,,,,,,,,,,,,,,,,,,,,
,,,,,,,,,,,,,,,,,,,,,,,,,,,
,,,,,,,,,,,,,,,,,,,,,,,,,,,
,,,,,,,,,,,,,,,,,,,,,,,,,,,
,,,,,,,,,,,,,,,,,,,,,,,,,,,
,,,,,,,,,,,,,,,,,,,,,,,,,,,
,,,,,,,,,,,,,,,,,,,,,,,,,,,
,,,,,,,,,,,,,,,,,,,,,,,,,,,
,,,,,,,,,,,,,,,,,,,,,,,,,,,
,,,,,,,,,,,,,,,,,,,,,,,,,,,
,,,,,,,,,,,,,,,,,,,,,,,,,,,
,,,,,,,,,,,,,,,,,,,,,,,,,,,
,,,,,,,,,,,,,,,,,,,,,,,,,,,
,,,,,,,,,,,,,,,,,,,,,,,,,,,
,,,,,,,,,,,,,,,,,,,,,,,,,,,
,,,,,,,,,,,,,,,,,,,,,,,,,,,
,,,,,,,,,,,,,,,,,,,,,,,,,,,
,,,,,,,,,,,,,,,,,,,,,,,,,,,
,,,,,,,,,,,,,,,,,,,,,,,,,,,
,,,,,,,,,,,,,,,,,,,,,,,,,,,
,,,,,,,,,,,,,,,,,,,,,,,,,,,
,,,,,,,,,,,,,,,,,,,,,,,,,,,
,,,,,,,,,,,,,,,,,,,,,,,,,,,
,,,,,,,,,,,,,,,,,,,,,,,,,,,
,,,,,,,,,,,,,,,,,,,,,,,,,,,
,,,,,,,,,,,,,,,,,,,,,,,,,,,
,,,,,,,,,,,,,,,,,,,,,,,,,,,
,,,,,,,,,,,,,,,,,,,,,,,,,,,
,,,,,,,,,,,,,,,,,,,,,,,,,,,
,,,,,,,,,,,,,,,,,,,,,,,,,,,
,,,,,,,,,,,,,,,,,,,,,,,,,,,
,,,,,,,,,,,,,,,,,,,,,,,,,,,
,,,,,,,,,,,,,,,,,,,,,,,,,,,
,,,,,,,,,,,,,,,,,,,,,,,,,,,
,,,,,,,,,,,,,,,,,,,,,,,,,,,
,,,,,,,,,,,,,,,,,,,,,,,,,,,
,,,,,,,,,,,,,,,,,,,,,,,,,,,
,,,,,,,,,,,,,,,,,,,,,,,,,,,
,,,,,,,,,,,,,,,,,,,,,,,,,,,
,,,,,,,,,,,,,,,,,,,,,,,,,,,
,,,,,,,,,,,,,,,,,,,,,,,,,,,
,,,,,,,,,,,,,,,,,,,,,,,,,,,
,,,,,,,,,,,,,,,,,,,,,,,,,,,
,,,,,,,,,,,,,,,,,,,,,,,,,,,
,,,,,,,,,,,,,,,,,,,,,,,,,,,
,,,,,,,,,,,,,,,,,,,,,,,,,,,
,,,,,,,,,,,,,,,,,,,,,,,,,,,
,,,,,,,,,,,,,,,,,,,,,,,,,,,
,,,,,,,,,,,,,,,,,,,,,,,,,,,
,,,,,,,,,,,,,,,,,,,,,,,,,,,
,,,,,,,,,,,,,,,,,,,,,,,,,,,
,,,,,,,,,,,,,,,,,,,,,,,,,,,
,,,,,,,,,,,,,,,,,,,,,,,,,,,
,,,,,,,,,,,,,,,,,,,,,,,,,,,
,,,,,,,,,,,,,,,,,,,,,,,,,,,
,,,,,,,,,,,,,,,,,,,,,,,,,,,
,,,,,,,,,,,,,,,,,,,,,,,,,,,
,,,,,,,,,,,,,,,,,,,,,,,,,,,
,,,,,,,,,,,,,,,,,,,,,,,,,,,
,,,,,,,,,,,,,,,,,,,,,,,,,,,
,,,,,,,,,,,,,,,,,,,,,,,,,,,
,,,,,,,,,,,,,,,,,,,,,,,,,,,
,,,,,,,,,,,,,,,,,,,,,,,,,,,
,,,,,,,,,,,,,,,,,,,,,,,,,,,
,,,,,,,,,,,,,,,,,,,,,,,,,,,
,,,,,,,,,,,,,,,,,,,,,,,,,,,
,,,,,,,,,,,,,,,,,,,,,,,,,,,
,,,,,,,,,,,,,,,,,,,,,,,,,,,
,,,,,,,,,,,,,,,,,,,,,,,,,,,
,,,,,,,,,,,,,,,,,,,,,,,,,,,
,,,,,,,,,,,,,,,,,,,,,,,,,,,
,,,,,,,,,,,,,,,,,,,,,,,,,,,
,,,,,,,,,,,,,,,,,,,,,,,,,,,
,,,,,,,,,,,,,,,,,,,,,,,,,,,
,,,,,,,,,,,,,,,,,,,,,,,,,,,
,,,,,,,,,,,,,,,,,,,,,,,,,,,
,,,,,,,,,,,,,,,,,,,,,,,,,,,
,,,,,,,,,,,,,,,,,,,,,,,,,,,
,,,,,,,,,,,,,,,,,,,,,,,,,,,
,,,,,,,,,,,,,,,,,,,,,,,,,,,
,,,,,,,,,,,,,,,,,,,,,,,,,,,
,,,,,,,,,,,,,,,,,,,,,,,,,,,
,,,,,,,,,,,,,,,,,,,,,,,,,,,
,,,,,,,,,,,,,,,,,,,,,,,,,,,
,,,,,,,,,,,,,,,,,,,,,,,,,,,
,,,,,,,,,,,,,,,,,,,,,,,,,,,
,,,,,,,,,,,,,,,,,,,,,,,,,,,
,,,,,,,,,,,,,,,,,,,,,,,,,,,
,,,,,,,,,,,,,,,,,,,,,,,,,,,
,,,,,,,,,,,,,,,,,,,,,,,,,,,
,,,,,,,,,,,,,,,,,,,,,,,,,,,
,,,,,,,,,,,,,,,,,,,,,,,,,,,
,,,,,,,,,,,,,,,,,,,,,,,,,,,
,,,,,,,,,,,,,,,,,,,,,,,,,,,
,,,,,,,,,,,,,,,,,,,,,,,,,,,
,,,,,,,,,,,,,,,,,,,,,,,,,,,
,,,,,,,,,,,,,,,,,,,,,,,,,,,
,,,,,,,,,,,,,,,,,,,,,,,,,,,
,,,,,,,,,,,,,,,,,,,,,,,,,,,
,,,,,,,,,,,,,,,,,,,,,,,,,,,
,,,,,,,,,,,,,,,,,,,,,,,,,,,
,,,,,,,,,,,,,,,,,,,,,,,,,,,
,,,,,,,,,,,,,,,,,,,,,,,,,,,
,,,,,,,,,,,,,,,,,,,,,,,,,,,
,,,,,,,,,,,,,,,,,,,,,,,,,,,
,,,,,,,,,,,,,,,,,,,,,,,,,,,
,,,,,,,,,,,,,,,,,,,,,,,,,,,
,,,,,,,,,,,,,,,,,,,,,,,,,,,
,,,,,,,,,,,,,,,,,,,,,,,,,,,
,,,,,,,,,,,,,,,,,,,,,,,,,,,
,,,,,,,,,,,,,,,,,,,,,,,,,,,
,,,,,,,,,,,,,,,,,,,,,,,,,,,
,,,,,,,,,,,,,,,,,,,,,,,,,,,
,,,,,,,,,,,,,,,,,,,,,,,,,,,
,,,,,,,,,,,,,,,,,,,,,,,,,,,
,,,,,,,,,,,,,,,,,,,,,,,,,,,
,,,,,,,,,,,,,,,,,,,,,,,,,,,
,,,,,,,,,,,,,,,,,,,,,,,,,,,
,,,,,,,,,,,,,,,,,,,,,,,,,,,
,,,,,,,,,,,,,,,,,,,,,,,,,,,
,,,,,,,,,,,,,,,,,,,,,,,,,,,
,,,,,,,,,,,,,,,,,,,,,,,,,,,
,,,,,,,,,,,,,,,,,,,,,,,,,,,
,,,,,,,,,,,,,,,,,,,,,,,,,,,
,,,,,,,,,,,,,,,,,,,,,,,,,,,
,,,,,,,,,,,,,,,,,,,,,,,,,,,
,,,,,,,,,,,,,,,,,,,,,,,,,,,
,,,,,,,,,,,,,,,,,,,,,,,,,,,
,,,,,,,,,,,,,,,,,,,,,,,,,,,
,,,,,,,,,,,,,,,,,,,,,,,,,,,
,,,,,,,,,,,,,,,,,,,,,,,,,,,
,,,,,,,,,,,,,,,,,,,,,,,,,,,
,,,,,,,,,,,,,,,,,,,,,,,,,,,
,,,,,,,,,,,,,,,,,,,,,,,,,,,
,,,,,,,,,,,,,,,,,,,,,,,,,,,
,,,,,,,,,,,,,,,,,,,,,,,,,,,
,,,,,,,,,,,,,,,,,,,,,,,,,,,
,,,,,,,,,,,,,,,,,,,,,,,,,,,
,,,,,,,,,,,,,,,,,,,,,,,,,,,
,,,,,,,,,,,,,,,,,,,,,,,,,,,
,,,,,,,,,,,,,,,,,,,,,,,,,,,
,,,,,,,,,,,,,,,,,,,,,,,,,,,
,,,,,,,,,,,,,,,,,,,,,,,,,,,
,,,,,,,,,,,,,,,,,,,,,,,,,,,
,,,,,,,,,,,,,,,,,,,,,,,,,,,
,,,,,,,,,,,,,,,,,,,,,,,,,,,
,,,,,,,,,,,,,,,,,,,,,,,,,,,
,,,,,,,,,,,,,,,,,,,,,,,,,,,
,,,,,,,,,,,,,,,,,,,,,,,,,,,
,,,,,,,,,,,,,,,,,,,,,,,,,,,
,,,,,,,,,,,,,,,,,,,,,,,,,,,
,,,,,,,,,,,,,,,,,,,,,,,,,,,
,,,,,,,,,,,,,,,,,,,,,,,,,,,
,,,,,,,,,,,,,,,,,,,,,,,,,,,
,,,,,,,,,,,,,,,,,,,,,,,,,,,
,,,,,,,,,,,,,,,,,,,,,,,,,,,
,,,,,,,,,,,,,,,,,,,,,,,,,,,
,,,,,,,,,,,,,,,,,,,,,,,,,,,
,,,,,,,,,,,,,,,,,,,,,,,,,,,
,,,,,,,,,,,,,,,,,,,,,,,,,,,
,,,,,,,,,,,,,,,,,,,,,,,,,,,
,,,,,,,,,,,,,,,,,,,,,,,,,,,
,,,,,,,,,,,,,,,,,,,,,,,,,,,
,,,,,,,,,,,,,,,,,,,,,,,,,,,
,,,,,,,,,,,,,,,,,,,,,,,,,,,
,,,,,,,,,,,,,,,,,,,,,,,,,,,
,,,,,,,,,,,,,,,,,,,,,,,,,,,
,,,,,,,,,,,,,,,,,,,,,,,,,,,
,,,,,,,,,,,,,,,,,,,,,,,,,,,
,,,,,,,,,,,,,,,,,,,,,,,,,,,
,,,,,,,,,,,,,,,,,,,,,,,,,,,
,,,,,,,,,,,,,,,,,,,,,,,,,,,
,,,,,,,,,,,,,,,,,,,,,,,,,,,
,,,,,,,,,,,,,,,,,,,,,,,,,,,
,,,,,,,,,,,,,,,,,,,,,,,,,,,
,,,,,,,,,,,,,,,,,,,,,,,,,,,
,,,,,,,,,,,,,,,,,,,,,,,,,,,
,,,,,,,,,,,,,,,,,,,,,,,,,,,
,,,,,,,,,,,,,,,,,,,,,,,,,,,
,,,,,,,,,,,,,,,,,,,,,,,,,,,
,,,,,,,,,,,,,,,,,,,,,,,,,,,
,,,,,,,,,,,,,,,,,,,,,,,,,,,
,,,,,,,,,,,,,,,,,,,,,,,,,,,
,,,,,,,,,,,,,,,,,,,,,,,,,,,
,,,,,,,,,,,,,,,,,,,,,,,,,,,
,,,,,,,,,,,,,,,,,,,,,,,,,,,
,,,,,,,,,,,,,,,,,,,,,,,,,,,
,,,,,,,,,,,,,,,,,,,,,,,,,,,
,,,,,,,,,,,,,,,,,,,,,,,,,,,
,,,,,,,,,,,,,,,,,,,,,,,,,,,
,,,,,,,,,,,,,,,,,,,,,,,,,,,
,,,,,,,,,,,,,,,,,,,,,,,,,,,
,,,,,,,,,,,,,,,,,,,,,,,,,,,
,,,,,,,,,,,,,,,,,,,,,,,,,,,
,,,,,,,,,,,,,,,,,,,,,,,,,,,
,,,,,,,,,,,,,,,,,,,,,,,,,,,
,,,,,,,,,,,,,,,,,,,,,,,,,,,
,,,,,,,,,,,,,,,,,,,,,,,,,,,
,,,,,,,,,,,,,,,,,,,,,,,,,,,
,,,,,,,,,,,,,,,,,,,,,,,,,,,
,,,,,,,,,,,,,,,,,,,,,,,,,,,
,,,,,,,,,,,,,,,,,,,,,,,,,,,
,,,,,,,,,,,,,,,,,,,,,,,,,,,
,,,,,,,,,,,,,,,,,,,,,,,,,,,
,,,,,,,,,,,,,,,,,,,,,,,,,,,
,,,,,,,,,,,,,,,,,,,,,,,,,,,
,,,,,,,,,,,,,,,,,,,,,,,,,,,
,,,,,,,,,,,,,,,,,,,,,,,,,,,
,,,,,,,,,,,,,,,,,,,,,,,,,,,
,,,,,,,,,,,,,,,,,,,,,,,,,,,
,,,,,,,,,,,,,,,,,,,,,,,,,,,
,,,,,,,,,,,,,,,,,,,,,,,,,,,
,,,,,,,,,,,,,,,,,,,,,,,,,,,
,,,,,,,,,,,,,,,,,,,,,,,,,,,
,,,,,,,,,,,,,,,,,,,,,,,,,,,
,,,,,,,,,,,,,,,,,,,,,,,,,,,
,,,,,,,,,,,,,,,,,,,,,,,,,,,
,,,,,,,,,,,,,,,,,,,,,,,,,,,
,,,,,,,,,,,,,,,,,,,,,,,,,,,
,,,,,,,,,,,,,,,,,,,,,,,,,,,
,,,,,,,,,,,,,,,,,,,,,,,,,,,
,,,,,,,,,,,,,,,,,,,,,,,,,,,
,,,,,,,,,,,,,,,,,,,,,,,,,,,
,,,,,,,,,,,,,,,,,,,,,,,,,,,
,,,,,,,,,,,,,,,,,,,,,,,,,,,
,,,,,,,,,,,,,,,,,,,,,,,,,,,
,,,,,,,,,,,,,,,,,,,,,,,,,,,
,,,,,,,,,,,,,,,,,,,,,,,,,,,
,,,,,,,,,,,,,,,,,,,,,,,,,,,
,,,,,,,,,,,,,,,,,,,,,,,,,,,
,,,,,,,,,,,,,,,,,,,,,,,,,,,
,,,,,,,,,,,,,,,,,,,,,,,,,,,
,,,,,,,,,,,,,,,,,,,,,,,,,,,
,,,,,,,,,,,,,,,,,,,,,,,,,,,
,,,,,,,,,,,,,,,,,,,,,,,,,,,
,,,,,,,,,,,,,,,,,,,,,,,,,,,
,,,,,,,,,,,,,,,,,,,,,,,,,,,
,,,,,,,,,,,,,,,,,,,,,,,,,,,
,,,,,,,,,,,,,,,,,,,,,,,,,,,
,,,,,,,,,,,,,,,,,,,,,,,,,,,
,,,,,,,,,,,,,,,,,,,,,,,,,,,
,,,,,,,,,,,,,,,,,,,,,,,,,,,
,,,,,,,,,,,,,,,,,,,,,,,,,,,
,,,,,,,,,,,,,,,,,,,,,,,,,,,
,,,,,,,,,,,,,,,,,,,,,,,,,,,
,,,,,,,,,,,,,,,,,,,,,,,,,,,
,,,,,,,,,,,,,,,,,,,,,,,,,,,
,,,,,,,,,,,,,,,,,,,,,,,,,,,
,,,,,,,,,,,,,,,,,,,,,,,,,,,
,,,,,,,,,,,,,,,,,,,,,,,,,,,
,,,,,,,,,,,,,,,,,,,,,,,,,,,
,,,,,,,,,,,,,,,,,,,,,,,,,,,
,,,,,,,,,,,,,,,,,,,,,,,,,,,
,,,,,,,,,,,,,,,,,,,,,,,,,,,
,,,,,,,,,,,,,,,,,,,,,,,,,,,
,,,,,,,,,,,,,,,,,,,,,,,,,,,
,,,,,,,,,,,,,,,,,,,,,,,,,,,
,,,,,,,,,,,,,,,,,,,,,,,,,,,
,,,,,,,,,,,,,,,,,,,,,,,,,,,
,,,,,,,,,,,,,,,,,,,,,,,,,,,
,,,,,,,,,,,,,,,,,,,,,,,,,,,
,,,,,,,,,,,,,,,,,,,,,,,,,,,
,,,,,,,,,,,,,,,,,,,,,,,,,,,
,,,,,,,,,,,,,,,,,,,,,,,,,,,
,,,,,,,,,,,,,,,,,,,,,,,,,,,
,,,,,,,,,,,,,,,,,,,,,,,,,,,
,,,,,,,,,,,,,,,,,,,,,,,,,,,
,,,,,,,,,,,,,,,,,,,,,,,,,,,
,,,,,,,,,,,,,,,,,,,,,,,,,,,
,,,,,,,,,,,,,,,,,,,,,,,,,,,
,,,,,,,,,,,,,,,,,,,,,,,,,,,
,,,,,,,,,,,,,,,,,,,,,,,,,,,
,,,,,,,,,,,,,,,,,,,,,,,,,,,
,,,,,,,,,,,,,,,,,,,,,,,,,,,
,,,,,,,,,,,,,,,,,,,,,,,,,,,
,,,,,,,,,,,,,,,,,,,,,,,,,,,
,,,,,,,,,,,,,,,,,,,,,,,,,,,
,,,,,,,,,,,,,,,,,,,,,,,,,,,
,,,,,,,,,,,,,,,,,,,,,,,,,,,
,,,,,,,,,,,,,,,,,,,,,,,,,,,
,,,,,,,,,,,,,,,,,,,,,,,,,,,
,,,,,,,,,,,,,,,,,,,,,,,,,,,
,,,,,,,,,,,,,,,,,,,,,,,,,,,
,,,,,,,,,,,,,,,,,,,,,,,,,,,
,,,,,,,,,,,,,,,,,,,,,,,,,,,
,,,,,,,,,,,,,,,,,,,,,,,,,,,
,,,,,,,,,,,,,,,,,,,,,,,,,,,
,,,,,,,,,,,,,,,,,,,,,,,,,,,
,,,,,,,,,,,,,,,,,,,,,,,,,,,
,,,,,,,,,,,,,,,,,,,,,,,,,,,
,,,,,,,,,,,,,,,,,,,,,,,,,,,
,,,,,,,,,,,,,,,,,,,,,,,,,,,
,,,,,,,,,,,,,,,,,,,,,,,,,,,
,,,,,,,,,,,,,,,,,,,,,,,,,,,
,,,,,,,,,,,,,,,,,,,,,,,,,,,
,,,,,,,,,,,,,,,,,,,,,,,,,,,
,,,,,,,,,,,,,,,,,,,,,,,,,,,
,,,,,,,,,,,,,,,,,,,,,,,,,,,
,,,,,,,,,,,,,,,,,,,,,,,,,,,
,,,,,,,,,,,,,,,,,,,,,,,,,,,
,,,,,,,,,,,,,,,,,,,,,,,,,,,
,,,,,,,,,,,,,,,,,,,,,,,,,,,
,,,,,,,,,,,,,,,,,,,,,,,,,,,
,,,,,,,,,,,,,,,,,,,,,,,,,,,
,,,,,,,,,,,,,,,,,,,,,,,,,,,
,,,,,,,,,,,,,,,,,,,,,,,,,,,
,,,,,,,,,,,,,,,,,,,,,,,,,,,
,,,,,,,,,,,,,,,,,,,,,,,,,,,
,,,,,,,,,,,,,,,,,,,,,,,,,,,
,,,,,,,,,,,,,,,,,,,,,,,,,,,
,,,,,,,,,,,,,,,,,,,,,,,,,,,
,,,,,,,,,,,,,,,,,,,,,,,,,,,
,,,,,,,,,,,,,,,,,,,,,,,,,,,
,,,,,,,,,,,,,,,,,,,,,,,,,,,
,,,,,,,,,,,,,,,,,,,,,,,,,,,
,,,,,,,,,,,,,,,,,,,,,,,,,,,
,,,,,,,,,,,,,,,,,,,,,,,,,,,
,,,,,,,,,,,,,,,,,,,,,,,,,,,
,,,,,,,,,,,,,,,,,,,,,,,,,,,
,,,,,,,,,,,,,,,,,,,,,,,,,,,
,,,,,,,,,,,,,,,,,,,,,,,,,,,
,,,,,,,,,,,,,,,,,,,,,,,,,,,
,,,,,,,,,,,,,,,,,,,,,,,,,,,
,,,,,,,,,,,,,,,,,,,,,,,,,,,
,,,,,,,,,,,,,,,,,,,,,,,,,,,
,,,,,,,,,,,,,,,,,,,,,,,,,,,
,,,,,,,,,,,,,,,,,,,,,,,,,,,
,,,,,,,,,,,,,,,,,,,,,,,,,,,
,,,,,,,,,,,,,,,,,,,,,,,,,,,
,,,,,,,,,,,,,,,,,,,,,,,,,,,
,,,,,,,,,,,,,,,,,,,,,,,,,,,
,,,,,,,,,,,,,,,,,,,,,,,,,,,
,,,,,,,,,,,,,,,,,,,,,,,,,,,
,,,,,,,,,,,,,,,,,,,,,,,,,,,
,,,,,,,,,,,,,,,,,,,,,,,,,,,
,,,,,,,,,,,,,,,,,,,,,,,,,,,
,,,,,,,,,,,,,,,,,,,,,,,,,,,
,,,,,,,,,,,,,,,,,,,,,,,,,,,
,,,,,,,,,,,,,,,,,,,,,,,,,,,
,,,,,,,,,,,,,,,,,,,,,,,,,,,
,,,,,,,,,,,,,,,,,,,,,,,,,,,
,,,,,,,,,,,,,,,,,,,,,,,,,,,
,,,,,,,,,,,,,,,,,,,,,,,,,,,
,,,,,,,,,,,,,,,,,,,,,,,,,,,
,,,,,,,,,,,,,,,,,,,,,,,,,,,
,,,,,,,,,,,,,,,,,,,,,,,,,,,
,,,,,,,,,,,,,,,,,,,,,,,,,,,
,,,,,,,,,,,,,,,,,,,,,,,,,,,
,,,,,,,,,,,,,,,,,,,,,,,,,,,
,,,,,,,,,,,,,,,,,,,,,,,,,,,
,,,,,,,,,,,,,,,,,,,,,,,,,,,
,,,,,,,,,,,,,,,,,,,,,,,,,,,
,,,,,,,,,,,,,,,,,,,,,,,,,,,
,,,,,,,,,,,,,,,,,,,,,,,,,,,
,,,,,,,,,,,,,,,,,,,,,,,,,,,
,,,,,,,,,,,,,,,,,,,,,,,,,,,
,,,,,,,,,,,,,,,,,,,,,,,,,,,
,,,,,,,,,,,,,,,,,,,,,,,,,,,
,,,,,,,,,,,,,,,,,,,,,,,,,,,
,,,,,,,,,,,,,,,,,,,,,,,,,,,
,,,,,,,,,,,,,,,,,,,,,,,,,,,
,,,,,,,,,,,,,,,,,,,,,,,,,,,
,,,,,,,,,,,,,,,,,,,,,,,,,,,
,,,,,,,,,,,,,,,,,,,,,,,,,,,
,,,,,,,,,,,,,,,,,,,,,,,,,,,
,,,,,,,,,,,,,,,,,,,,,,,,,,,
,,,,,,,,,,,,,,,,,,,,,,,,,,,
,,,,,,,,,,,,,,,,,,,,,,,,,,,
,,,,,,,,,,,,,,,,,,,,,,,,,,,
,,,,,,,,,,,,,,,,,,,,,,,,,,,
,,,,,,,,,,,,,,,,,,,,,,,,,,,
,,,,,,,,,,,,,,,,,,,,,,,,,,,
,,,,,,,,,,,,,,,,,,,,,,,,,,,
,,,,,,,,,,,,,,,,,,,,,,,,,,,
,,,,,,,,,,,,,,,,,,,,,,,,,,,
,,,,,,,,,,,,,,,,,,,,,,,,,,,
,,,,,,,,,,,,,,,,,,,,,,,,,,,
,,,,,,,,,,,,,,,,,,,,,,,,,,,
,,,,,,,,,,,,,,,,,,,,,,,,,,,
,,,,,,,,,,,,,,,,,,,,,,,,,,,
,,,,,,,,,,,,,,,,,,,,,,,,,,,
,,,,,,,,,,,,,,,,,,,,,,,,,,,
,,,,,,,,,,,,,,,,,,,,,,,,,,,
,,,,,,,,,,,,,,,,,,,,,,,,,,,
,,,,,,,,,,,,,,,,,,,,,,,,,,,
,,,,,,,,,,,,,,,,,,,,,,,,,,,
,,,,,,,,,,,,,,,,,,,,,,,,,,,
,,,,,,,,,,,,,,,,,,,,,,,,,,,
,,,,,,,,,,,,,,,,,,,,,,,,,,,
,,,,,,,,,,,,,,,,,,,,,,,,,,,
,,,,,,,,,,,,,,,,,,,,,,,,,,,
,,,,,,,,,,,,,,,,,,,,,,,,,,,
,,,,,,,,,,,,,,,,,,,,,,,,,,,
,,,,,,,,,,,,,,,,,,,,,,,,,,,
,,,,,,,,,,,,,,,,,,,,,,,,,,,
,,,,,,,,,,,,,,,,,,,,,,,,,,,
,,,,,,,,,,,,,,,,,,,,,,,,,,,
,,,,,,,,,,,,,,,,,,,,,,,,,,,
,,,,,,,,,,,,,,,,,,,,,,,,,,,
,,,,,,,,,,,,,,,,,,,,,,,,,,,
,,,,,,,,,,,,,,,,,,,,,,,,,,,
,,,,,,,,,,,,,,,,,,,,,,,,,,,
,,,,,,,,,,,,,,,,,,,,,,,,,,,
,,,,,,,,,,,,,,,,,,,,,,,,,,,
,,,,,,,,,,,,,,,,,,,,,,,,,,,
,,,,,,,,,,,,,,,,,,,,,,,,,,,
,,,,,,,,,,,,,,,,,,,,,,,,,,,
,,,,,,,,,,,,,,,,,,,,,,,,,,,
,,,,,,,,,,,,,,,,,,,,,,,,,,,
,,,,,,,,,,,,,,,,,,,,,,,,,,,
,,,,,,,,,,,,,,,,,,,,,,,,,,,
,,,,,,,,,,,,,,,,,,,,,,,,,,,
,,,,,,,,,,,,,,,,,,,,,,,,,,,
,,,,,,,,,,,,,,,,,,,,,,,,,,,
,,,,,,,,,,,,,,,,,,,,,,,,,,,
,,,,,,,,,,,,,,,,,,,,,,,,,,,
,,,,,,,,,,,,,,,,,,,,,,,,,,,
,,,,,,,,,,,,,,,,,,,,,,,,,,,
,,,,,,,,,,,,,,,,,,,,,,,,,,,
,,,,,,,,,,,,,,,,,,,,,,,,,,,
,,,,,,,,,,,,,,,,,,,,,,,,,,,
,,,,,,,,,,,,,,,,,,,,,,,,,,,
,,,,,,,,,,,,,,,,,,,,,,,,,,,
,,,,,,,,,,,,,,,,,,,,,,,,,,,
,,,,,,,,,,,,,,,,,,,,,,,,,,,
,,,,,,,,,,,,,,,,,,,,,,,,,,,
,,,,,,,,,,,,,,,,,,,,,,,,,,,
,,,,,,,,,,,,,,,,,,,,,,,,,,,
,,,,,,,,,,,,,,,,,,,,,,,,,,,
,,,,,,,,,,,,,,,,,,,,,,,,,,,
,,,,,,,,,,,,,,,,,,,,,,,,,,,
,,,,,,,,,,,,,,,,,,,,,,,,,,,
,,,,,,,,,,,,,,,,,,,,,,,,,,,
,,,,,,,,,,,,,,,,,,,,,,,,,,,
,,,,,,,,,,,,,,,,,,,,,,,,,,,
,,,,,,,,,,,,,,,,,,,,,,,,,,,
,,,,,,,,,,,,,,,,,,,,,,,,,,,
,,,,,,,,,,,,,,,,,,,,,,,,,,,
,,,,,,,,,,,,,,,,,,,,,,,,,,,
,,,,,,,,,,,,,,,,,,,,,,,,,,,
,,,,,,,,,,,,,,,,,,,,,,,,,,,
,,,,,,,,,,,,,,,,,,,,,,,,,,,
,,,,,,,,,,,,,,,,,,,,,,,,,,,
,,,,,,,,,,,,,,,,,,,,,,,,,,,
,,,,,,,,,,,,,,,,,,,,,,,,,,,
,,,,,,,,,,,,,,,,,,,,,,,,,,,
,,,,,,,,,,,,,,,,,,,,,,,,,,,
,,,,,,,,,,,,,,,,,,,,,,,,,,,
,,,,,,,,,,,,,,,,,,,,,,,,,,,
,,,,,,,,,,,,,,,,,,,,,,,,,,,
,,,,,,,,,,,,,,,,,,,,,,,,,,,
,,,,,,,,,,,,,,,,,,,,,,,,,,,
,,,,,,,,,,,,,,,,,,,,,,,,,,,
,,,,,,,,,,,,,,,,,,,,,,,,,,,
,,,,,,,,,,,,,,,,,,,,,,,,,,,
,,,,,,,,,,,,,,,,,,,,,,,,,,,
,,,,,,,,,,,,,,,,,,,,,,,,,,,
,,,,,,,,,,,,,,,,,,,,,,,,,,,
,,,,,,,,,,,,,,,,,,,,,,,,,,,
,,,,,,,,,,,,,,,,,,,,,,,,,,,
,,,,,,,,,,,,,,,,,,,,,,,,,,,
,,,,,,,,,,,,,,,,,,,,,,,,,,,
,,,,,,,,,,,,,,,,,,,,,,,,,,,
,,,,,,,,,,,,,,,,,,,,,,,,,,,
,,,,,,,,,,,,,,,,,,,,,,,,,,,
,,,,,,,,,,,,,,,,,,,,,,,,,,,
,,,,,,,,,,,,,,,,,,,,,,,,,,,
,,,,,,,,,,,,,,,,,,,,,,,,,,,
,,,,,,,,,,,,,,,,,,,,,,,,,,,
,,,,,,,,,,,,,,,,,,,,,,,,,,,
,,,,,,,,,,,,,,,,,,,,,,,,,,,
,,,,,,,,,,,,,,,,,,,,,,,,,,,
,,,,,,,,,,,,,,,,,,,,,,,,,,,
,,,,,,,,,,,,,,,,,,,,,,,,,,,
,,,,,,,,,,,,,,,,,,,,,,,,,,,
,,,,,,,,,,,,,,,,,,,,,,,,,,,
,,,,,,,,,,,,,,,,,,,,,,,,,,,
,,,,,,,,,,,,,,,,,,,,,,,,,,,
,,,,,,,,,,,,,,,,,,,,,,,,,,,
,,,,,,,,,,,,,,,,,,,,,,,,,,,
,,,,,,,,,,,,,,,,,,,,,,,,,,,
,,,,,,,,,,,,,,,,,,,,,,,,,,,
,,,,,,,,,,,,,,,,,,,,,,,,,,,
,,,,,,,,,,,,,,,,,,,,,,,,,,,
,,,,,,,,,,,,,,,,,,,,,,,,,,,
,,,,,,,,,,,,,,,,,,,,,,,,,,,
,,,,,,,,,,,,,,,,,,,,,,,,,,,
,,,,,,,,,,,,,,,,,,,,,,,,,,,
,,,,,,,,,,,,,,,,,,,,,,,,,,,
,,,,,,,,,,,,,,,,,,,,,,,,,,,
,,,,,,,,,,,,,,,,,,,,,,,,,,,
,,,,,,,,,,,,,,,,,,,,,,,,,,,
,,,,,,,,,,,,,,,,,,,,,,,,,,,
,,,,,,,,,,,,,,,,,,,,,,,,,,,
,,,,,,,,,,,,,,,,,,,,,,,,,,,
,,,,,,,,,,,,,,,,,,,,,,,,,,,
,,,,,,,,,,,,,,,,,,,,,,,,,,,
,,,,,,,,,,,,,,,,,,,,,,,,,,,
,,,,,,,,,,,,,,,,,,,,,,,,,,,
,,,,,,,,,,,,,,,,,,,,,,,,,,,
,,,,,,,,,,,,,,,,,,,,,,,,,,,
,,,,,,,,,,,,,,,,,,,,,,,,,,,
,,,,,,,,,,,,,,,,,,,,,,,,,,,
,,,,,,,,,,,,,,,,,,,,,,,,,,,
,,,,,,,,,,,,,,,,,,,,,,,,,,,
,,,,,,,,,,,,,,,,,,,,,,,,,,,
,,,,,,,,,,,,,,,,,,,,,,,,,,,
,,,,,,,,,,,,,,,,,,,,,,,,,,,
,,,,,,,,,,,,,,,,,,,,,,,,,,,
,,,,,,,,,,,,,,,,,,,,,,,,,,,
,,,,,,,,,,,,,,,,,,,,,,,,,,,
,,,,,,,,,,,,,,,,,,,,,,,,,,,
,,,,,,,,,,,,,,,,,,,,,,,,,,,
,,,,,,,,,,,,,,,,,,,,,,,,,,,
,,,,,,,,,,,,,,,,,,,,,,,,,,,
,,,,,,,,,,,,,,,,,,,,,,,,,,,
,,,,,,,,,,,,,,,,,,,,,,,,,,,
,,,,,,,,,,,,,,,,,,,,,,,,,,,
,,,,,,,,,,,,,,,,,,,,,,,,,,,
,,,,,,,,,,,,,,,,,,,,,,,,,,,
,,,,,,,,,,,,,,,,,,,,,,,,,,,
,,,,,,,,,,,,,,,,,,,,,,,,,,,
,,,,,,,,,,,,,,,,,,,,,,,,,,,
,,,,,,,,,,,,,,,,,,,,,,,,,,,
,,,,,,,,,,,,,,,,,,,,,,,,,,,
,,,,,,,,,,,,,,,,,,,,,,,,,,,
,,,,,,,,,,,,,,,,,,,,,,,,,,,
,,,,,,,,,,,,,,,,,,,,,,,,,,,
,,,,,,,,,,,,,,,,,,,,,,,,,,,
,,,,,,,,,,,,,,,,,,,,,,,,,,,
,,,,,,,,,,,,,,,,,,,,,,,,,,,
,,,,,,,,,,,,,,,,,,,,,,,,,,,
,,,,,,,,,,,,,,,,,,,,,,,,,,,
,,,,,,,,,,,,,,,,,,,,,,,,,,,
,,,,,,,,,,,,,,,,,,,,,,,,,,,
,,,,,,,,,,,,,,,,,,,,,,,,,,,
,,,,,,,,,,,,,,,,,,,,,,,,,,,
,,,,,,,,,,,,,,,,,,,,,,,,,,,
,,,,,,,,,,,,,,,,,,,,,,,,,,,
,,,,,,,,,,,,,,,,,,,,,,,,,,,
,,,,,,,,,,,,,,,,,,,,,,,,,,,
,,,,,,,,,,,,,,,,,,,,,,,,,,,
,,,,,,,,,,,,,,,,,,,,,,,,,,,
,,,,,,,,,,,,,,,,,,,,,,,,,,,
,,,,,,,,,,,,,,,,,,,,,,,,,,,
,,,,,,,,,,,,,,,,,,,,,,,,,,,
,,,,,,,,,,,,,,,,,,,,,,,,,,,
,,,,,,,,,,,,,,,,,,,,,,,,,,,
,,,,,,,,,,,,,,,,,,,,,,,,,,,
,,,,,,,,,,,,,,,,,,,,,,,,,,,
,,,,,,,,,,,,,,,,,,,,,,,,,,,
,,,,,,,,,,,,,,,,,,,,,,,,,,,
,,,,,,,,,,,,,,,,,,,,,,,,,,,
,,,,,,,,,,,,,,,,,,,,,,,,,,,
,,,,,,,,,,,,,,,,,,,,,,,,,,,
,,,,,,,,,,,,,,,,,,,,,,,,,,,
,,,,,,,,,,,,,,,,,,,,,,,,,,,
,,,,,,,,,,,,,,,,,,,,,,,,,,,
,,,,,,,,,,,,,,,,,,,,,,,,,,,
,,,,,,,,,,,,,,,,,,,,,,,,,,,
,,,,,,,,,,,,,,,,,,,,,,,,,,,
,,,,,,,,,,,,,,,,,,,,,,,,,,,
,,,,,,,,,,,,,,,,,,,,,,,,,,,
,,,,,,,,,,,,,,,,,,,,,,,,,,,
,,,,,,,,,,,,,,,,,,,,,,,,,,,
,,,,,,,,,,,,,,,,,,,,,,,,,,,
,,,,,,,,,,,,,,,,,,,,,,,,,,,
,,,,,,,,,,,,,,,,,,,,,,,,,,,
,,,,,,,,,,,,,,,,,,,,,,,,,,,
,,,,,,,,,,,,,,,,,,,,,,,,,,,
,,,,,,,,,,,,,,,,,,,,,,,,,,,
,,,,,,,,,,,,,,,,,,,,,,,,,,,
,,,,,,,,,,,,,,,,,,,,,,,,,,,
,,,,,,,,,,,,,,,,,,,,,,,,,,,
,,,,,,,,,,,,,,,,,,,,,,,,,,,
,,,,,,,,,,,,,,,,,,,,,,,,,,,
,,,,,,,,,,,,,,,,,,,,,,,,,,,
,,,,,,,,,,,,,,,,,,,,,,,,,,,
,,,,,,,,,,,,,,,,,,,,,,,,,,,
,,,,,,,,,,,,,,,,,,,,,,,,,,,
,,,,,,,,,,,,,,,,,,,,,,,,,,,
,,,,,,,,,,,,,,,,,,,,,,,,,,,
,,,,,,,,,,,,,,,,,,,,,,,,,,,
,,,,,,,,,,,,,,,,,,,,,,,,,,,
,,,,,,,,,,,,,,,,,,,,,,,,,,,
,,,,,,,,,,,,,,,,,,,,,,,,,,,
,,,,,,,,,,,,,,,,,,,,,,,,,,,
,,,,,,,,,,,,,,,,,,,,,,,,,,,
,,,,,,,,,,,,,,,,,,,,,,,,,,,
,,,,,,,,,,,,,,,,,,,,,,,,,,,
,,,,,,,,,,,,,,,,,,,,,,,,,,,
,,,,,,,,,,,,,,,,,,,,,,,,,,,
,,,,,,,,,,,,,,,,,,,,,,,,,,,
,,,,,,,,,,,,,,,,,,,,,,,,,,,
,,,,,,,,,,,,,,,,,,,,,,,,,,,
,,,,,,,,,,,,,,,,,,,,,,,,,,,
,,,,,,,,,,,,,,,,,,,,,,,,,,,
,,,,,,,,,,,,,,,,,,,,,,,,,,,
,,,,,,,,,,,,,,,,,,,,,,,,,,,
,,,,,,,,,,,,,,,,,,,,,,,,,,,
,,,,,,,,,,,,,,,,,,,,,,,,,,,
,,,,,,,,,,,,,,,,,,,,,,,,,,,
,,,,,,,,,,,,,,,,,,,,,,,,,,,
,,,,,,,,,,,,,,,,,,,,,,,,,,,
,,,,,,,,,,,,,,,,,,,,,,,,,,,
,,,,,,,,,,,,,,,,,,,,,,,,,,,
,,,,,,,,,,,,,,,,,,,,,,,,,,,
,,,,,,,,,,,,,,,,,,,,,,,,,,,
,,,,,,,,,,,,,,,,,,,,,,,,,,,
,,,,,,,,,,,,,,,,,,,,,,,,,,,
,,,,,,,,,,,,,,,,,,,,,,,,,,,
,,,,,,,,,,,,,,,,,,,,,,,,,,,
,,,,,,,,,,,,,,,,,,,,,,,,,,,
,,,,,,,,,,,,,,,,,,,,,,,,,,,
,,,,,,,,,,,,,,,,,,,,,,,,,,,
,,,,,,,,,,,,,,,,,,,,,,,,,,,
,,,,,,,,,,,,,,,,,,,,,,,,,,,
,,,,,,,,,,,,,,,,,,,,,,,,,,,
,,,,,,,,,,,,,,,,,,,,,,,,,,,
,,,,,,,,,,,,,,,,,,,,,,,,,,,
,,,,,,,,,,,,,,,,,,,,,,,,,,,
,,,,,,,,,,,,,,,,,,,,,,,,,,,
,,,,,,,,,,,,,,,,,,,,,,,,,,,
,,,,,,,,,,,,,,,,,,,,,,,,,,,
,,,,,,,,,,,,,,,,,,,,,,,,,,,
,,,,,,,,,,,,,,,,,,,,,,,,,,,
,,,,,,,,,,,,,,,,,,,,,,,,,,,
,,,,,,,,,,,,,,,,,,,,,,,,,,,
,,,,,,,,,,,,,,,,,,,,,,,,,,,
,,,,,,,,,,,,,,,,,,,,,,,,,,,
,,,,,,,,,,,,,,,,,,,,,,,,,,,
,,,,,,,,,,,,,,,,,,,,,,,,,,,
,,,,,,,,,,,,,,,,,,,,,,,,,,,
,,,,,,,,,,,,,,,,,,,,,,,,,,,
,,,,,,,,,,,,,,,,,,,,,,,,,,,
,,,,,,,,,,,,,,,,,,,,,,,,,,,
,,,,,,,,,,,,,,,,,,,,,,,,,,,
,,,,,,,,,,,,,,,,,,,,,,,,,,,
,,,,,,,,,,,,,,,,,,,,,,,,,,,
,,,,,,,,,,,,,,,,,,,,,,,,,,,
,,,,,,,,,,,,,,,,,,,,,,,,,,,
,,,,,,,,,,,,,,,,,,,,,,,,,,,
,,,,,,,,,,,,,,,,,,,,,,,,,,,
,,,,,,,,,,,,,,,,,,,,,,,,,,,
,,,,,,,,,,,,,,,,,,,,,,,,,,,
,,,,,,,,,,,,,,,,,,,,,,,,,,,
,,,,,,,,,,,,,,,,,,,,,,,,,,,
,,,,,,,,,,,,,,,,,,,,,,,,,,,
,,,,,,,,,,,,,,,,,,,,,,,,,,,
,,,,,,,,,,,,,,,,,,,,,,,,,,,
,,,,,,,,,,,,,,,,,,,,,,,,,,,
,,,,,,,,,,,,,,,,,,,,,,,,,,,
,,,,,,,,,,,,,,,,,,,,,,,,,,,
,,,,,,,,,,,,,,,,,,,,,,,,,,,
,,,,,,,,,,,,,,,,,,,,,,,,,,,
,,,,,,,,,,,,,,,,,,,,,,,,,,,
,,,,,,,,,,,,,,,,,,,,,,,,,,,
,,,,,,,,,,,,,,,,,,,,,,,,,,,
,,,,,,,,,,,,,,,,,,,,,,,,,,,
,,,,,,,,,,,,,,,,,,,,,,,,,,,
,,,,,,,,,,,,,,,,,,,,,,,,,,,
,,,,,,,,,,,,,,,,,,,,,,,,,,,
,,,,,,,,,,,,,,,,,,,,,,,,,,,
,,,,,,,,,,,,,,,,,,,,,,,,,,,
,,,,,,,,,,,,,,,,,,,,,,,,,,,
,,,,,,,,,,,,,,,,,,,,,,,,,,,
,,,,,,,,,,,,,,,,,,,,,,,,,,,
,,,,,,,,,,,,,,,,,,,,,,,,,,,
,,,,,,,,,,,,,,,,,,,,,,,,,,,
,,,,,,,,,,,,,,,,,,,,,,,,,,,
,,,,,,,,,,,,,,,,,,,,,,,,,,,
,,,,,,,,,,,,,,,,,,,,,,,,,,,
,,,,,,,,,,,,,,,,,,,,,,,,,,,
,,,,,,,,,,,,,,,,,,,,,,,,,,,
,,,,,,,,,,,,,,,,,,,,,,,,,,,
,,,,,,,,,,,,,,,,,,,,,,,,,,,
,,,,,,,,,,,,,,,,,,,,,,,,,,,
,,,,,,,,,,,,,,,,,,,,,,,,,,,
,,,,,,,,,,,,,,,,,,,,,,,,,,,
,,,,,,,,,,,,,,,,,,,,,,,,,,,
,,,,,,,,,,,,,,,,,,,,,,,,,,,
,,,,,,,,,,,,,,,,,,,,,,,,,,,
,,,,,,,,,,,,,,,,,,,,,,,,,,,
,,,,,,,,,,,,,,,,,,,,,,,,,,,
,,,,,,,,,,,,,,,,,,,,,,,,,,,
,,,,,,,,,,,,,,,,,,,,,,,,,,,
,,,,,,,,,,,,,,,,,,,,,,,,,,,
,,,,,,,,,,,,,,,,,,,,,,,,,,,
,,,,,,,,,,,,,,,,,,,,,,,,,,,
,,,,,,,,,,,,,,,,,,,,,,,,,,,
,,,,,,,,,,,,,,,,,,,,,,,,,,,
,,,,,,,,,,,,,,,,,,,,,,,,,,,
,,,,,,,,,,,,,,,,,,,,,,,,,,,
,,,,,,,,,,,,,,,,,,,,,,,,,,,
,,,,,,,,,,,,,,,,,,,,,,,,,,,
,,,,,,,,,,,,,,,,,,,,,,,,,,,
,,,,,,,,,,,,,,,,,,,,,,,,,,,
,,,,,,,,,,,,,,,,,,,,,,,,,,,
,,,,,,,,,,,,,,,,,,,,,,,,,,,
,,,,,,,,,,,,,,,,,,,,,,,,,,,
,,,,,,,,,,,,,,,,,,,,,,,,,,,
,,,,,,,,,,,,,,,,,,,,,,,,,,,
,,,,,,,,,,,,,,,,,,,,,,,,,,,
,,,,,,,,,,,,,,,,,,,,,,,,,,,
